Datas,"PRECIPITACAO TOTAL, DIARIO (AUT)(mm)",PRESSAO ATMOSFERICA MEDIA DIARIA (AUT)(mB),TEMPERATURA DO PONTO DE ORVALHO MEDIA DIARIA (AUT)(°C),"TEMPERATURA MAXIMA, DIARIA (AUT)(°C)","TEMPERATURA MEDIA, DIARIA (AUT)(°C)","TEMPERATURA MINIMA, DIARIA (AUT)(°C)","UMIDADE RELATIVA DO AR, MEDIA DIARIA (AUT)(%)","UMIDADE RELATIVA DO AR, MINIMA DIARIA (AUT)(%)","VENTO, RAJADA MAXIMA DIARIA (AUT)(m/s)","VENTO, VELOCIDADE MEDIA DIARIA (AUT)(m/s)",Unnamed: 11,"tmean, (°C)","rhmean, (%)","U2, (m/s)",lat,"lat, (rad)","elev, (m)","P, (kPa)","J, (day)","ird, (rad)","solardecli, (rad)","sunsethra, (rad)","daylighthr(N), (hour)",kRs,"Ra, (MJ m-2 day-1)","Rs, (MJ m-2 day-1)","Rso, (MJ m-2 day-1)","Rns, (MJ m-2 day-1)","delta_spv, (kPa degC-1)","es, (kPa)","ea, (kPa)","psy, (kPa degC-1)","G, (MJ m-2 day-1)","Rnl, (MJ m-2 day-1)","Rn, (MJ m-2 day-1)","Eto-HS, (mm)","Eto-PM, (mm)","Evap Equi, (mm)","Kp, tanqueCLA","Evap tanqueCLA, (mm)"
2007-04-18,,,,,,,,,,,,,,,,,,,,,,,,,,,,,,,,,,,,,,,,
2007-04-19,,,,,,,,,,,,,,,,,,,,,,,,,,,,,,,,,,,,,,,,
2007-04-20,,,,,,,,,,,,,,,,,,,,,,,,,,,,,,,,,,,,,,,,
2007-04-21,,,,,,,,,,,,,,,,,,,,,,,,,,,,,,,,,,,,,,,,
2007-04-22,,,,,,,,,,,,,,,,,,,,,,,,,,,,,,,,,,,,,,,,
2007-04-23,,,,,,,,,,,,,,,,,,,,,,,,,,,,,,,,,,,,,,,,
2007-04-24,,,,,,,,,,,,,,,,,,,,,,,,,,,,,,,,,,,,,,,,
2007-04-25,,,,,,,,,,,,,,,,,,,,,,,,,,,,,,,,,,,,,,,,
2007-04-26,,,,,,,,,,,,,,,,,,,,,,,,,,,,,,,,,,,,,,,,
2007-04-27,,,,,,,,,,,,,,,,,,,,,,,,,,,,,,,,,,,,,,,,
2007-04-28,,,,,,,,,,,,,,,,,,,,,,,,,,,,,,,,,,,,,,,,
2007-04-29,,,,,,,,,,,,,,,,,,,,,,,,,,,,,,,,,,,,,,,,
2007-04-30,,,,,,,,,,,,,,,,,,,,,,,,,,,,,,,,,,,,,,,,
2007-05-01,,,,,,,,,,,,,,,,,,,,,,,,,,,,,,,,,,,,,,,,
2007-05-02,,,,,,,,,,,,,,,,,,,,,,,,,,,,,,,,,,,,,,,,
2007-05-03,,,,,,,,,,,,,,,,,,,,,,,,,,,,,,,,,,,,,,,,
2007-05-04,,,,,,,,,,,,,,,,,,,,,,,,,,,,,,,,,,,,,,,,
2007-05-05,,,,,,,,,,,,,,,,,,,,,,,,,,,,,,,,,,,,,,,,
2007-05-06,,,,,,,,,,,,,,,,,,,,,,,,,,,,,,,,,,,,,,,,
2007-05-07,,,,,,,,,,,,,,,,,,,,,,,,,,,,,,,,,,,,,,,,
2007-05-08,,,,,,,,,,,,,,,,,,,,,,,,,,,,,,,,,,,,,,,,
2007-05-09,,,,,,,,,,,,,,,,,,,,,,,,,,,,,,,,,,,,,,,,
2007-05-10,,,,,,,,,,,,,,,,,,,,,,,,,,,,,,,,,,,,,,,,
2007-05-11,,1021.425,15.56,23.6,,,68.45,59.0,8.8,1.785,,,,,,,,,,,,,,,,,,,,,,,,,,,,,,
2007-05-12,0.0,1020.521622,14.408108,27.6,21.305405,17.5,66.837838,42.0,5.6,1.076471,,22.55,66.837838,0.805147641837,-22.97416667,-0.400974851293,4.0,101.252726383,132.0,0.978703512263,0.315824299317,1.43182120505,10.9383082756,0.19,25.4969730861,15.3958231363,19.1247695724,11.854783815,0.165922338971,2.8463844676,1.90246183931,0.0673330630448,0.0,4.06479129086,7.7899925241,3.06818011261,2.71441025741,10.4027650191,0.770688611703,3.52205834651
2007-05-13,,1020.667857,18.439286,26.5,24.821429,17.4,67.928571,55.0,5.9,1.525,,21.95,67.928571,1.14062538963,-22.97416667,-0.400974851293,4.0,101.252726383,133.0,0.978272747705,0.320250860467,1.42972064311,10.9222611644,0.19,25.3530138936,14.5312806812,19.0167886613,11.1890861245,0.160716612587,2.72473977385,1.85087679184,0.0673330630448,0.0,3.79551374229,7.3935723822,2.85282691158,2.71324349593,10.3440296686,0.763361062069,3.55433834754
2007-05-14,0.0,1013.266667,16.508333,28.7,26.919444,22.0,53.277778,40.0,9.6,1.891429,,25.35,53.277778,1.41469635415,-22.97416667,-0.400974851293,4.0,101.252726383,134.0,0.9778484214,0.324582524376,1.42765852491,10.9065077417,0.19,25.2118375145,12.3992524343,18.9108950829,9.54742437442,0.192138276132,3.29034234758,1.75302129138,0.0673330630448,0.0,3.22416048801,6.32326388641,2.64247386105,3.21197609337,10.2864297059,0.721498155074,4.45181470082
2007-05-15,0.0,1017.504167,20.228571,24.4,,23.8,81.47619,76.0,3.3,0.5,,24.1,81.47619,0.373975537584,-22.97416667,-0.400974851293,4.0,101.252726383,135.0,0.977430659086,0.328818007477,1.42563577871,10.8910550991,0.19,25.0735054063,3.69015221705,18.8071349352,2.84141720713,0.180033500425,3.00229847902,2.44615841313,0.0673330630448,0.0,-0.394404195225,3.23582140235,0.763647091664,1.09446916769,10.2299902058,0.810756733822,1.34993534069
2007-05-16,0.4,1014.889011,,,,21.3,80.0,78.0,8.2,1.258889,,,,,,,,,,,,,,,,,,,,,,,,,,,,,,
2007-05-17,0.0,1013.408511,18.62766,32.1,24.276596,19.2,73.074468,39.0,4.0,0.796809,,25.65,73.074468,0.595974148253,-22.97416667,-0.400974851293,4.0,101.252726383,137.0,0.976615319617,0.336995439871,1.42171210628,10.8610804497,0.19,24.8056124572,16.9277178043,18.6061937919,13.0343427093,0.195143242517,3.50333564431,2.56004388434,0.0673330630448,0.0,3.99306998632,9.04127272302,3.63264191232,3.02015256022,10.1206898825,0.789165190038,3.82702202067
2007-05-18,0.0,1014.954255,19.978723,26.8,22.884043,19.1,84.031915,71.0,7.3,1.189362,,22.95,84.031915,0.889584586664,-22.97416667,-0.400974851293,4.0,101.252726383,138.0,0.976217984065,0.340934966014,1.41981302414,10.8465725308,0.19,24.6761670888,13.0099811058,18.50909941,10.0176854515,0.169471323923,2.86742961341,2.40955601542,0.0673330630448,0.0,2.77239806048,7.24528739099,2.61841618679,2.2723270752,10.0678761722,0.800282813256,2.83940506726
2007-05-19,0.0,1016.466316,19.421053,27.2,23.681053,19.6,77.631579,59.0,10.1,1.262105,,23.4,77.631579,0.943992791725,-22.97416667,-0.400974851293,4.0,101.252726383,139.0,0.975827695637,0.344773465768,1.41795699983,10.8323935495,0.19,24.5497968963,12.8590326964,18.414311656,9.90145517621,0.173540298867,2.94419703775,2.28562664928,0.0673330630448,0.0,2.88782554041,7.0136296358,2.61661553068,2.37614640276,10.0163171337,0.787684490296,3.01662205113
2007-05-20,63.0,1019.035484,19.292473,24.6,21.650538,19.6,86.956989,66.0,6.7,0.968817,,22.1,86.956989,0.724627716791,-22.97416667,-0.400974851293,4.0,101.252726383,140.0,0.975444569984,0.348509801704,1.4161449422,10.8185504489,0.19,24.4265557743,10.3776934418,18.3218709552,7.9908239502,0.162004930648,2.68704355125,2.33657216529,0.0673330630448,0.0,1.94767569808,6.04314825212,2.04506978042,1.83628368888,9.9660347559,0.805000579734,2.28109610739
2007-05-21,0.0,1015.934884,19.845349,27.1,22.980233,19.6,82.709302,66.0,9.1,1.768605,,23.35,82.709302,1.3228300113,-22.97416667,-0.400974851293,4.0,101.252726383,141.0,0.975068720636,0.352142866664,1.41437775259,10.8050501148,0.19,24.3064960502,12.6475553716,18.2318165573,9.73861763611,0.173084159654,2.93365816967,2.4264081952,0.0673330630448,0.0,2.71264868918,7.02596894694,2.57045986464,2.33975497512,9.91705038848,0.785723288757,2.97783584704
2007-05-22,0.0,1011.048101,18.612658,30.1,24.373418,20.5,72.582278,41.0,13.4,2.158228,,25.3,72.582278,1.61424895306,-22.97416667,-0.400974851293,4.0,101.252726383,142.0,0.974700258963,0.355671584093,1.41265632359,10.7918993659,0.19,24.1896684708,14.2402998369,18.1441865266,10.9650308744,0.191641257278,3.3395521925,2.42392305632,0.0673330630448,0.0,3.37393765866,7.59109321576,3.03131313956,3.02035197822,9.86938473608,0.759096008201,3.97888006997
2007-05-23,0.6,1009.044681,19.167021,26.9,22.285106,20.7,82.87234,58.0,7.4,0.77766,,23.8,82.87234,0.581651633115,-22.97416667,-0.400974851293,4.0,101.252726383,143.0,0.97433929415,0.359094908355,1.41098153768,10.779104944,0.19,24.076122189,11.3903215505,18.0590177315,8.77054759392,0.177226055249,2.99301027115,2.48037764814,0.0673330630448,0.0,2.28665718798,6.48389040594,2.34025786374,2.05416902567,9.82305785311,0.807196796471,2.5448181096
2007-05-24,18.2,1014.436842,14.932632,22.8,19.642105,18.1,74.831579,57.0,12.7,2.916842,,20.45,74.831579,2.18165511,-22.97416667,-0.400974851293,4.0,101.252726383,144.0,0.973985933158,0.362411825046,1.40935426599,10.766673504,0.19,23.965904753,9.87180024578,17.9763458372,7.60128618925,0.148302359848,2.42631692612,1.81565126736,0.0673330630448,0.0,2.1591650642,5.44212112505,1.86492854559,2.27581043924,9.77808913924,0.747142541753,3.04601908212
2007-05-25,4.4,1020.018947,12.831579,23.3,19.432632,17.3,66.221053,51.0,13.0,2.067368,,20.3,66.221053,1.54629011837,-22.97416667,-0.400974851293,4.0,101.252726383,145.0,0.973640280695,0.365621351292,1.40777536689,10.7546116033,0.19,23.8590620968,11.1040802969,17.8962052975,8.55014182862,0.147106821631,2.41784899394,1.60112506374,0.0673330630448,0.0,2.88944194958,5.66069987904,2.08949803694,2.4042777099,9.73449733548,0.74819350226,3.21344371829
2007-05-26,0.0,1018.601042,14.4625,25.0,19.153125,14.9,75.739583,45.0,6.1,1.190625,,19.95,75.739583,0.890529248872,-22.97416667,-0.400974851293,4.0,101.252726383,146.0,0.973302439186,0.368722536041,1.40624568465,10.7429256919,0.19,23.7556385311,14.3443540564,17.8186293494,11.0451526235,0.144348898477,2.43108787766,1.8412958209,0.0673330630448,0.0,4.00742517649,7.03772744697,2.67443686688,2.25420428522,9.6923005207,0.785757930575,2.86882791444
2007-05-27,0.0,1014.492632,15.075789,26.3,20.124211,14.9,73.757895,49.0,9.1,0.898947,,20.6,73.757895,0.672368375169,-22.97416667,-0.400974851293,4.0,101.252726383,147.0,0.97297250874,0.371714460345,1.40476604811,10.7316221014,0.19,23.6556767373,15.1754438941,17.7436500071,11.6850917984,0.149506105327,2.55795635283,1.88669476087,0.0673330630448,0.0,4.34885149152,7.33624030693,2.87810759752,2.32808817765,9.6515161088,0.788284083849,2.95336189751
2007-05-28,0.2,1014.945745,16.630851,25.3,20.688298,15.9,78.074468,59.0,6.0,1.064894,,20.6,78.074468,0.79648861224,-22.97416667,-0.400974851293,4.0,101.252726383,148.0,0.972650587123,0.374596237631,1.40333726928,10.7207070351,0.19,23.5592177606,13.7239268381,17.6712980579,10.5674236654,0.149506105327,2.51576635987,1.96417120159,0.0673330630448,0.0,3.67249948447,6.89492418088,2.60281928991,2.17489823245,9.61216084633,0.792699851728,2.74365918917
2007-05-29,0.0,1014.596842,17.378947,25.7,20.742105,16.5,81.652632,51.0,11.7,1.496842,,21.1,81.652632,1.11956458326,-22.97416667,-0.400974851293,4.0,101.252726383,149.0,0.972336769728,0.377367013968,1.40196014194,10.7101865571,0.19,23.4663010063,13.5235948624,17.6016030588,10.4131680441,0.153578443134,2.58973108034,2.11458358882,0.0673330630448,0.0,3.45138373495,6.9617843091,2.59822137471,2.21396895248,9.57425081056,0.789735856337,2.80342969704
2007-05-30,26.6,1021.071579,12.129474,21.2,18.465263,16.9,67.705263,47.0,11.7,3.131579,,19.05,67.705263,2.34226788002,-22.97416667,-0.400974851293,4.0,101.252726383,150.0,0.972031149545,0.380025968315,1.40063544032,10.7000665822,0.19,23.3769642353,9.21034590978,17.5345933336,7.09196635053,0.137457221055,2.22160304728,1.50414218598,0.0673330630448,0.0,2.16119230245,4.93077404809,1.6762848946,2.41949527951,9.53780140799,0.728532914021,3.32105143494
2007-05-31,7.6,1023.047826,14.501087,21.6,18.140217,15.0,80.108696,60.0,6.3,1.240217,,18.3,80.108696,0.927621638592,-22.97416667,-0.400974851293,4.0,101.252726383,151.0,0.971733817135,0.382572312766,1.39936391772,10.6903528651,0.19,23.2912435619,11.3688947428,17.4702959709,8.75404895194,0.131928959656,2.14274947908,1.71652866623,0.0673330630448,0.0,2.93022846503,5.82382048691,2.02702845706,1.79470271847,9.50282737327,0.792551834306,2.264460999
2007-06-01,0.2,1016.547368,14.445263,27.9,21.294737,14.8,67.105263,43.0,10.4,1.349474,,21.35,67.105263,1.00934052921,-22.97416667,-0.400974851293,4.0,101.252726383,152.0,0.971444860606,0.385005292783,1.39814630513,10.6810509901,0.19,23.2091734523,15.9605893212,17.4087368231,12.2896537773,0.155649520357,2.72074431945,1.82576263113,0.0673330630448,0.0,4.95342709208,7.33622668524,3.08613619102,2.64888772038,9.46934276853,0.765407949386,3.46075282143
2007-06-02,0.0,1012.006316,16.870526,28.4,24.464211,15.1,66.052632,41.0,18.5,3.517895,,21.75,66.052632,2.63121334758,-22.97416667,-0.400974851293,4.0,101.252726383,153.0,0.971164365581,0.387324187424,1.39698330993,10.6721663613,0.19,23.130786723,16.0276490994,17.3499405052,12.3412898065,0.159012325109,2.79261006212,1.84459244752,0.0673330630448,0.0,5.00114555752,7.34014424898,3.13076674175,3.45120918097,9.43736098298,0.716808041445,4.81469093736
2007-06-03,19.2,1014.379787,17.759574,20.7,19.48617,18.5,89.957447,73.0,9.1,1.154255,,19.6,89.957447,0.863326268268,-22.97416667,-0.400974851293,4.0,101.252726383,154.0,0.970892415176,0.389528309548,1.39587561457,10.663704192,0.19,23.0561145413,6.49757142762,17.2939303951,5.00312999927,0.141634850984,2.28566058739,2.0561219115,0.0673330630448,0.0,0.788562566115,4.21456743316,1.20020950755,1.24420225626,9.40689473286,0.801033801162,1.55324563639
2007-06-04,3.4,1019.065263,12.145263,22.7,19.864211,18.5,61.726316,48.0,10.2,2.145263,,20.6,61.726316,1.60455176737,-22.97416667,-0.400974851293,4.0,101.252726383,155.0,0.970629089978,0.391617006028,1.39482387524,10.6556694954,0.19,22.9851864256,8.95006679869,17.2407286341,6.89155143499,0.149506105327,2.44431946494,1.50878835698,0.0673330630448,0.0,2.1529972541,4.73855418089,1.69743010032,2.36175803392,9.37795606165,0.736683057295,3.20593504972
2007-06-05,0.0,1019.741935,13.696774,23.1,17.694624,13.7,78.387097,51.0,5.0,1.164516,,18.4,78.387097,0.87100099425,-22.97416667,-0.400974851293,4.0,101.252726383,156.0,0.970374468013,0.393589657937,1.39382872068,10.6480670745,0.19,22.9180302465,13.3504165365,17.1903561273,10.2798207331,0.132654993049,2.19711128517,1.72225175431,0.0673330630448,0.0,3.87310776726,6.40671296581,2.38691956725,1.96775795484,9.35055634059,0.791128489783,2.48727985435
2007-06-06,0.0,1018.156627,15.673494,23.0,18.772289,13.8,82.831325,66.0,3.4,0.920482,,18.4,82.831325,0.688475501573,-22.97416667,-0.400974851293,4.0,101.252726383,157.0,0.970128624734,0.395445680736,1.39289075089,10.6409015132,0.19,22.8546722287,13.1711140947,17.1428325453,10.1417578529,0.132654993049,2.19370611586,1.81707584237,0.0673330630448,0.0,3.68899088698,6.45276696593,2.35486210256,1.86869039399,9.32470626931,0.804072301202,2.32403279058
2007-06-07,0.0,1016.631183,16.311828,25.2,19.404301,14.7,82.989247,57.0,5.1,0.930108,,19.95,82.989247,0.695675278622,-22.97416667,-0.400974851293,4.0,101.252726383,158.0,0.969891632987,0.397184524445,1.392010536,10.6341771667,0.19,22.7951369528,14.0342903187,17.0981763255,10.8064035454,0.144348898477,2.43919932505,2.02427315269,0.0673330630448,0.0,3.87061541688,6.93578812851,2.6166269517,2.05699859969,9.30041587673,0.804133154163,2.55803232219
2007-06-08,0.0,1015.689362,17.164894,27.7,21.109574,15.6,78.904255,48.0,6.5,0.945745,,21.65,78.904255,0.707370989585,-22.97416667,-0.400974851293,4.0,101.252726383,159.0,0.969663562999,0.398805673808,1.3911886151,10.6278981536,0.19,22.7394473581,15.0288652945,17.0564046743,11.5722262767,0.158165923208,2.74337542631,2.16463994198,0.0673330630448,0.0,4.17767771432,7.39454856242,2.92824626177,2.32269377532,9.27769452209,0.796729281211,2.91528607031
2007-06-09,0.0,1017.985263,18.694737,24.7,21.364211,16.7,85.042105,71.0,4.2,0.689474,,20.7,85.042105,0.5156928196,-22.97416667,-0.400974851293,4.0,101.252726383,160.0,0.969444482353,0.400308648443,1.39042549517,10.6220683468,0.19,22.6876247454,12.1923557129,17.017533569,9.38811389895,0.150313184084,2.50640261,2.13149753931,0.0673330630448,0.0,3.06352189838,6.32459200057,2.31837002178,1.8642868607,9.25655089612,0.810976117794,2.29881844828
2007-06-10,0.2,1016.438947,18.406316,29.2,22.069474,17.7,81.294737,48.0,5.4,0.730526,,23.45,81.294737,0.546397707138,-22.97416667,-0.400974851293,4.0,101.252726383,161.0,0.969234455965,0.401693002986,1.38972165004,10.6166913661,0.19,22.6396887801,14.5872348021,16.9815777602,11.2321707976,0.173997451748,3.0387921735,2.47037810542,0.0673330630448,0.0,3.69406643813,7.53810435946,2.9718803787,2.35828499521,9.23699302227,0.805513201059,2.92768013251
2007-06-11,0.0,1016.221348,18.213483,27.1,21.980899,17.7,79.808989,61.0,3.7,0.664045,,22.4,79.808989,0.49667317171,-22.97416667,-0.400974851293,4.0,101.252726383,162.0,0.969033546073,0.402958327222,1.38907751941,10.6117705705,0.19,22.5956574954,13.16262507,16.9485507742,10.1352213039,0.164607746899,2.80584339305,2.23931524492,0.0673330630448,0.0,3.41538904747,6.71983225645,2.61338240053,2.09208214444,9.21902825812,0.804351998334,2.60095349893
2007-06-12,0.0,1016.15,17.66383,28.6,21.785106,17.4,78.553191,50.0,5.4,0.706383,,23.0,78.553191,0.52833992433,-22.97416667,-0.400974851293,4.0,101.252726383,163.0,0.968841812208,0.40410424621,1.38849350792,10.6073090513,0.19,22.5555472959,14.3422068473,16.9184649157,11.0434992724,0.169919417968,2.95070324379,2.31787155494,0.0673330630448,0.0,3.80947297645,7.23402629596,2.89008451444,2.28582394686,9.20266329672,0.801225043158,2.8529112593
2007-06-13,0.0,1014.522826,16.090217,27.7,22.969565,17.4,66.173913,44.0,6.3,0.951087,,22.55,66.173913,0.711366544228,-22.97416667,-0.400974851293,4.0,101.252726383,164.0,0.968659311188,0.405130420389,1.38796998434,10.6033096258,0.19,22.5193729608,13.731832806,16.8913312704,10.5735112606,0.165922338971,2.85090028492,1.88655227426,0.0673330630448,0.0,4.14686791121,6.42664334943,2.73656925986,2.30711266784,9.18790416801,0.771972582031,2.98859405314
2007-06-14,0.0,1013.721978,16.858242,29.8,22.554945,17.3,71.340659,44.0,7.1,1.261538,,23.55,71.340659,0.943568703465,-22.97416667,-0.400974851293,4.0,101.252726383,165.0,0.96848609709,0.40603654568,1.38750728077,10.5997748309,0.19,22.4871476478,15.1057738617,16.8671597076,11.6314458735,0.174914805675,3.08475473456,2.20068435617,0.0673330630448,0.0,4.33068670467,7.30075916886,3.08498382228,2.62075704407,9.17475624029,0.775860911135,3.37786967542
2007-06-15,0.0,1012.993684,17.084211,30.7,22.604211,17.2,72.463158,41.0,5.1,0.955789,,23.95,72.463158,0.714883410184,-22.97416667,-0.400974851293,4.0,101.252726383,166.0,0.968322221241,0.40682235358,1.38710569192,10.5967069181,0.19,22.4588828962,15.6786489373,16.8459588828,12.0725596817,0.178625127175,3.18942734545,2.31115977663,0.0673330630448,0.0,4.41761108572,7.65494859597,3.2329539147,2.61514213489,9.16322422165,0.784587820382,3.33314138578
2007-06-16,0.0,1015.984211,17.981053,32.4,23.566316,17.3,73.389474,27.0,14.1,1.727368,,24.85,73.389474,1.29198675281,-22.97416667,-0.400974851293,4.0,101.252726383,167.0,0.968167732202,0.407487611237,1.3867654745,10.5941078484,0.19,22.4345886307,16.563807902,16.8277362401,12.7541320845,0.187216609407,3.41909402813,2.50925512281,0.0673330630448,0.0,4.49254568834,8.26158639619,3.48910162288,3.06278110122,9.15331216131,0.769861672387,3.9783524899
2007-06-17,7.4,1019.758696,19.408696,23.9,21.272826,19.8,89.282609,76.0,5.6,0.955435,,21.85,89.282609,0.714618635503,-22.97416667,-0.400974851293,4.0,101.252726383,168.0,0.968022675751,0.40803212152,1.38648684664,10.5919792884,0.19,22.4142731642,8.62323436624,16.812498015,6.639890462,0.159862550317,2.63777122568,2.35507096973,0.0673330630448,0.0,1.59198155074,5.04790891127,1.68868163198,1.5223042406,9.14502345098,0.805286839459,1.89038758117
2007-06-18,0.2,1018.154839,18.548387,27.0,22.035484,18.3,81.924731,55.0,3.8,0.68172,,22.65,81.924731,0.509893206963,-22.97416667,-0.400974851293,4.0,101.252726383,169.0,0.967887094871,0.40845572308,1.38626998748,10.5903226064,0.19,22.3979432014,12.5522438106,16.8002492365,9.66522773419,0.166803648642,2.83429263033,2.32198661315,0.0673330630448,0.0,3.13612396328,6.52910377091,2.50769255364,2.02549610677,9.13836082618,0.807638399007,2.50792447371
2007-06-19,0.0,1021.609677,19.272043,25.3,22.407527,18.1,82.623656,67.0,5.0,0.772043,,21.7,82.623656,0.577450391926,-22.97416667,-0.400974851293,4.0,101.252726383,170.0,0.967761029738,0.408758290393,1.3861150367,10.5891388696,0.19,22.3856038417,11.4127068749,16.7909937296,8.78778429366,0.158588647103,2.65091510472,2.19028297698,0.0673330630448,0.0,2.79614857117,5.9916357225,2.22648696416,1.84986907025,9.13332636741,0.806896043417,2.29257422359
2007-06-20,0.2,1021.4375,17.04375,26.4,21.594792,17.9,76.78125,48.0,5.1,0.936458,,22.15,76.78125,0.70042476795,-22.97416667,-0.400974851293,4.0,101.252726383,171.0,0.967644517708,0.408939733804,1.38602209426,10.5884288417,0.19,22.3772585816,12.3956682411,16.7847341169,9.54466454568,0.16243630349,2.74639682677,2.10871781355,0.0673330630448,0.0,3.30200514448,6.2426594012,2.44580104392,2.05623207065,9.12992150129,0.793108000618,2.59262555546
2007-06-21,0.0,1020.992308,15.871429,27.0,21.668132,17.0,70.835165,47.0,4.3,0.958242,,22.0,70.835165,0.716718134171,-22.97416667,-0.400974851293,4.0,101.252726383,172.0,0.967537593305,0.408999999545,1.38599122019,10.5881929812,0.19,22.3729093176,13.4423767523,16.781471821,10.3506300993,0.161145086926,2.75153476384,1.94905419,0.0673330630448,0.0,3.94091014086,6.40971995844,2.64236941319,2.20335278412,9.12814700159,0.781352929577,2.8199200396
2007-06-22,0.0,1018.523077,15.937363,26.3,21.746154,17.1,70.43956,48.0,4.1,0.987912,,21.7,70.43956,0.738909842571,-22.97416667,-0.400974851293,4.0,101.252726383,173.0,0.967440288215,0.40893906976,1.38602243443,10.5884314405,0.19,22.3725563484,12.8932714198,16.7812070658,9.92781899322,0.158588647103,2.68577896546,1.89185088584,0.0673330630448,0.0,3.76068871705,6.16713027617,2.51532796348,2.13999372398,9.12800299014,0.779933868532,2.74381432878
2007-06-23,0.0,1014.745833,16.767708,26.1,21.133333,17.1,76.739583,58.0,3.3,0.826042,,21.6,76.739583,0.617839002034,-22.97416667,-0.400974851293,4.0,101.252726383,174.0,0.967352631269,0.408756962503,1.38611571683,10.5891440655,0.19,22.3761983767,12.7544330747,16.7839388784,9.82091346754,0.157744151711,2.66570253745,2.04564901126,0.0673330630448,0.0,3.50116571035,6.31974775719,2.4819428626,2.02966455571,9.1294889377,0.7953939293,2.55177275177
2007-06-24,0.0,1017.091667,17.246875,27.7,22.333333,17.1,73.927083,41.0,8.9,1.365625,,22.4,73.927083,1.02142068703,-22.97416667,-0.400974851293,4.0,101.252726383,175.0,0.967274648443,0.408453731736,1.38627100714,10.5903303961,0.19,22.3838325114,13.8465309608,16.7896650901,10.6618288398,0.164607746899,2.832223322,2.093780086,0.0673330630448,0.0,3.93243186975,6.72939697009,2.74916896356,2.37610921268,9.13260366465,0.778622080915,3.05168485575
2007-06-25,0.0,1023.702083,18.272917,23.1,21.433333,17.8,82.489583,73.0,8.2,1.367708,,20.45,82.489583,1.02297866912,-22.97416667,-0.400974851293,4.0,101.252726383,176.0,0.967206362846,0.408029467313,1.38648820517,10.5919896668,0.19,22.3954542686,9.79605944425,16.7983823378,7.54296577207,0.148302359848,2.43232576815,2.00641538335,0.0673330630448,0.0,2.25862540062,5.28434037145,1.850619992,1.71390232735,9.1373453416,0.793926484346,2.15876704096
2007-06-26,0.2,1022.733824,18.077941,24.9,21.526471,19.5,81.014706,66.0,7.3,1.292647,,22.2,81.014706,0.966836713463,-22.97416667,-0.400974851293,4.0,101.252726383,177.0,0.96714779471,0.407484294953,1.386767171,10.5941208088,0.19,22.4110575734,9.89493241379,16.8100860646,7.61909795862,0.162868645963,2.70791889011,2.19381252754,0.0673330630448,0.0,2.20179112741,5.41730683121,1.95482201623,1.83097309332,9.14371148994,0.793005375491,2.30890376019
2007-06-27,0.0,1018.715625,16.835417,28.1,21.780208,17.4,75.75,44.0,6.1,0.88125,,22.75,75.75,0.659131884992,-22.97416667,-0.400974851293,4.0,101.252726383,178.0,0.967098961392,0.406818376203,1.38710772533,10.5967224522,0.19,22.4306347603,13.9407793559,16.824770521,10.7344001041,0.167688906641,2.89469618166,2.19273235761,0.0673330630448,0.0,3.84135562185,6.89304448221,2.79198004708,2.26461818333,9.15169898219,0.792395156543,2.85794046648
2007-06-28,0.0,1016.833333,16.372917,27.4,24.438542,17.2,62.46875,41.0,10.0,1.586458,,22.3,62.46875,1.18659296681,-22.97416667,-0.400974851293,4.0,101.252726383,179.0,0.967059877362,0.406031908387,1.38750964978,10.5997929288,0.19,22.4541765745,13.6254489322,16.842428765,10.4915956778,0.163736246744,2.80614665878,1.75296474091,0.0673330630448,0.0,4.29579989121,6.19579578661,2.69854454341,2.59594590203,9.16130404239,0.75031118131,3.45982569192
2007-06-29,11.2,1020.774468,19.080851,23.4,20.958511,19.7,89.042553,75.0,4.9,0.808511,,21.55,89.042553,0.604726671735,-22.97416667,-0.400974851293,4.0,101.252726383,180.0,0.967030554202,0.405125124554,1.38797268743,10.6033302759,0.19,22.4816721722,8.21642837305,16.8630526629,6.32664984724,0.157323330899,2.58666932791,2.30323640724,0.0673330630448,0.0,1.45210261291,4.87454723434,1.5968429619,1.45974594154,9.17252224627,0.808429749623,1.80565589307
2007-06-30,10.6,1021.075789,18.666316,23.9,20.993684,19.6,86.821053,72.0,3.7,0.732632,,21.75,86.821053,0.547972892102,-22.97416667,-0.400974851293,4.0,101.252726383,181.0,0.967011000599,0.404098293404,1.38849654337,10.6073322405,0.19,22.5131091212,8.86999357248,16.8866328896,6.82989505081,0.159012325109,2.62352998742,2.27777636085,0.0673330630448,0.0,1.71471260344,5.11518244737,1.73262346237,1.55222322287,9.18534852145,0.810052907721,1.91619980384
2007-07-01,0.0,1023.301053,17.024211,22.7,20.714737,18.5,79.757895,71.0,7.5,1.227368,,20.6,79.757895,0.918011215227,-22.97416667,-0.400974851293,4.0,101.252726383,182.0,0.967001222349,0.402951719208,1.38908088531,10.6117962841,0.19,22.5484734008,8.78001767784,16.9131589285,6.76061361194,0.149506105327,2.44431946494,1.94953775231,0.0673330630448,0.0,1.85176264215,4.90885096979,1.66517933586,1.65303619499,9.19977714752,0.792212038183,2.08660827572
2007-07-02,0.0,1023.898958,15.928125,21.7,20.004167,18.3,77.635417,67.0,3.3,0.634375,,20.0,77.635417,0.47448146331,-22.97416667,-0.400974851293,4.0,101.252726383,183.0,0.967001222349,0.401685741721,1.38972534427,10.6167195879,0.19,22.5877494021,7.91345287252,16.9426190716,6.09335871184,0.144740188112,2.34960753953,1.82412761118,0.0673330630448,0.0,1.53360032468,4.55975838716,1.47738000967,1.43915848831,9.21580175608,0.801119438222,1.79643436378
2007-07-03,0.0,1021.615957,16.375532,24.0,20.553191,18.6,77.638298,57.0,6.3,1.154255,,21.3,77.638298,0.863326268268,-22.97416667,-0.400974851293,4.0,101.252726383,184.0,0.967011000599,0.40030073608,1.39042951541,10.6220990591,0.19,22.6309199284,9.99200606308,16.9750004199,7.69384466857,0.155233427378,2.56353519582,1.99028509466,0.0673330630448,0.0,2.3366569097,5.35718775887,1.92958468917,1.82067118463,9.23341533077,0.790003674036,2.30463635103
2007-07-04,0.0,1019.983158,16.186316,26.9,20.478947,16.2,77.831579,51.0,3.8,0.877895,,21.55,77.831579,0.656622509135,-22.97416667,-0.400974851293,4.0,101.252726383,185.0,0.967030554202,0.398797112691,1.39119295885,10.6279313374,0.19,22.6779661943,14.0944973843,17.010288883,10.8527629859,0.157323330899,2.69306090061,2.09605182238,0.0673330630448,0.0,3.91112881661,6.94163416928,2.73923144311,2.19543108563,9.25261020729,0.79626363477,2.75716608139
2007-07-05,0.0,1020.126882,15.804301,29.1,21.483871,16.2,71.677419,38.0,7.0,1.170968,,22.65,71.677419,0.875826774587,-22.97416667,-0.400974851293,4.0,101.252726383,186.0,0.967059877362,0.397175317112,1.39201520056,10.6342128014,0.19,22.7288678268,15.5105164708,17.0484691796,11.9430976825,0.166803648642,2.93526477684,2.10392203285,0.0673330630448,0.0,4.52746007669,7.41563760579,3.09869751127,2.57259151032,9.27337807335,0.77845789505,3.30472788147
2007-07-06,0.0,1017.85625,14.898958,30.2,24.717708,16.9,56.145833,35.0,11.1,1.939583,,23.55,56.145833,1.45071319023,-22.97416667,-0.400974851293,4.0,101.252726383,187.0,0.967098961392,0.395435829914,1.3928957334,10.6409395768,0.19,22.7836028646,15.7870804961,17.0895248367,12.156051982,0.174914805675,3.10873332247,1.74542421965,0.0673330630448,0.0,5.30136204846,6.85468993351,3.2241239924,3.24310021322,9.29570996877,0.727811571636,4.45596132242
2007-07-07,0.0,1015.726042,12.86875,31.2,24.879167,19.7,49.770833,28.0,10.6,1.498958,,25.45,49.770833,1.12114724773,-22.97416667,-0.400974851293,4.0,101.252726383,188.0,0.96714779471,0.393579166545,1.3938340181,10.6481075439,0.19,22.8421477586,14.7176834441,17.1334381908,11.332616252,0.193135571074,3.41960397886,1.70196538558,0.0673330630448,0.0,4.97771423544,6.35490201651,3.14383661434,3.11662739797,9.3195962855,0.720357321645,4.32650200717
2007-07-08,0.0,1014.98125,13.402083,30.7,24.720833,19.6,50.645833,31.0,11.9,1.663542,,25.15,50.645833,1.24424802749,-22.97416667,-0.400974851293,4.0,101.252726383,189.0,0.967206362846,0.391605877176,1.39482948437,10.655712346,0.19,22.9044773721,14.4989141037,17.1801903873,11.1641638598,0.190156692697,3.34871740315,1.69598582364,0.0673330630448,0.0,4.84230260567,6.32186125417,3.07562259858,3.17666322387,9.34502676784,0.719277484995,4.41646414651
2007-07-09,0.0,1017.542105,16.516842,25.8,21.065263,17.2,75.515789,64.0,5.4,0.947368,,21.5,75.515789,0.70858491418,-22.97416667,-0.400974851293,4.0,101.252726383,190.0,0.967274648443,0.389516546533,1.39588153203,10.6637493981,0.19,22.9705649819,12.7989547536,17.2297613816,9.85519516031,0.156903459064,2.64216409296,1.99525106148,0.0673330630448,0.0,3.43670178851,6.4184933718,2.48428520123,2.10104784147,9.37199051262,0.790547095348,2.65771369452
2007-07-10,0.0,1014.772917,16.044792,31.3,22.776042,17.2,69.75,32.0,12.3,1.216667,,24.25,69.75,0.910007390771,-22.97416667,-0.400974851293,4.0,101.252726383,191.0,0.967352631269,0.387311793731,1.39698953221,10.6722138959,0.19,23.0403822785,16.4381461638,17.2821299395,12.6573725461,0.181451224045,3.26616002283,2.27814661592,0.0673330630448,0.0,4.6267185746,8.03065397151,3.4139191839,2.88491782348,9.40047596963,0.773662676176,3.72890913872
2007-07-11,0.0,1016.208333,17.2375,28.1,21.894792,17.1,75.6875,41.0,16.5,2.252083,,22.6,75.6875,1.68444790122,-22.97416667,-0.400974851293,4.0,101.252726383,192.0,0.967440288215,0.384992272086,1.39815282855,10.6811008254,0.19,23.1138993679,14.5654250126,17.3372736379,11.2153772597,0.166362501143,2.87601921874,2.17678704618,0.0673330630448,0.0,3.93395164719,7.28142561254,2.90628984846,2.70219187206,9.43047094211,0.762955514261,3.54174237101
2007-07-12,35.2,1022.254167,17.510417,22.1,19.347917,17.8,89.541667,70.0,6.5,0.980208,,19.95,89.541667,0.733147627488,-22.97416667,-0.400974851293,4.0,101.252726383,193.0,0.967537593305,0.382558668922,1.39937073847,10.6904049718,0.19,23.1910847732,9.13711081708,17.3951688667,7.03557532915,0.144348898477,2.34913283513,2.10345270062,0.0673330630448,0.0,1.78044133536,5.25513399379,1.70357103079,1.51776294294,9.46196258747,0.804756910288,1.88598932614
2007-07-13,0.4,1019.018947,17.602105,27.6,20.889474,17.1,82.547368,52.0,5.5,0.893684,,22.35,82.547368,0.66843190866,-22.97416667,-0.400974851293,4.0,101.252726383,194.0,0.967644517708,0.380011705368,1.40064255447,10.7001209303,0.19,23.2719054367,14.3278225458,17.4557908299,11.0324233603,0.164171508529,2.82141261168,2.32900185136,0.0673330630448,0.0,3.58798374661,7.44443961368,2.84118911254,2.29400438263,9.49493741817,0.804164597304,2.85265527769
2007-07-14,0.0,1014.961458,16.317708,29.2,22.111458,17.1,72.479167,34.0,4.8,0.785417,,23.15,72.479167,0.587453489605,-22.97416667,-0.400974851293,4.0,101.252726383,195.0,0.967761029738,0.377352136144,1.40196754541,10.7102431155,0.19,23.3563267227,15.4365707557,17.5191135482,11.8861594819,0.171269703759,3.00112569515,2.17519090447,0.0673330630448,0.0,4.24729577848,7.63886370343,3.12204481044,2.5116798107,9.52938130286,0.788263254383,3.18634643532
2007-07-15,0.0,1013.844792,16.195833,29.4,22.428125,17.4,69.229167,41.0,12.0,1.761458,,23.4,69.229167,1.31748440496,-22.97416667,-0.400974851293,4.0,101.252726383,196.0,0.967887094871,0.374580749338,1.40334495789,10.7207657718,0.19,23.4443124211,15.4305612995,17.5851098608,11.8815322006,0.173540298867,3.04330267152,2.10685308878,0.0673330630448,0.0,4.34018562187,7.54134657876,3.13988208109,2.90075550746,9.56527946781,0.760959102886,3.81197293844
2007-07-16,0.0,1017.153125,17.776042,23.7,20.528125,18.0,84.447917,71.0,7.2,0.809375,,20.85,84.447917,0.605372901464,-22.97416667,-0.400974851293,4.0,101.252726383,197.0,0.968022675751,0.371698366172,1.40477401757,10.7316829835,0.19,23.5358247514,10.6762921731,17.6537514295,8.22074497329,0.151530708268,2.49729828867,2.10891638606,0.0673330630448,0.0,2.33709721786,5.88364775542,2.03800078438,1.77138251485,9.60261649857,0.808411267453,2.19118978936
2007-07-17,22.6,1015.825,18.13125,24.5,21.078125,18.0,83.583333,67.0,8.4,1.290625,,21.25,83.583333,0.965324356389,-22.97416667,-0.400974851293,4.0,101.252726383,198.0,0.968167732202,0.368705840759,1.40625393055,10.7429886859,0.19,23.6308243676,11.4469332844,17.7250087417,8.81413862901,0.154818274862,2.56931912677,2.14752256156,0.0673330630448,0.0,2.59381323798,6.22032539103,2.20772302989,1.95195934175,9.641376342,0.797420211768,2.44784282233
2007-07-18,0.0,1011.130208,16.0,28.0,22.621875,18.0,69.3125,37.0,15.7,2.148958,,23.0,69.3125,1.60731544659,-22.97416667,-0.400974851293,4.0,101.252726383,199.0,0.968322221241,0.365604059847,1.40778388473,10.7546766749,0.19,23.7292703642,14.2573228973,17.7988511148,10.9781386309,0.169919417968,2.92195978333,2.02528337482,0.0673330630448,0.0,3.88993212401,7.08820650692,2.8729796301,2.86980949765,9.68154230859,0.75283842106,3.81198596853
2007-07-19,2.0,1016.461458,13.421875,21.4,18.929167,18.4,70.6875,58.0,12.6,2.207292,,19.9,70.6875,1.65094642461,-22.97416667,-0.400974851293,4.0,101.252726383,200.0,0.96848609709,0.362393942562,1.40936305119,10.766740618,0.19,23.8311202826,7.84257511484,17.8752467016,6.03878283842,0.143958504255,2.33262270242,1.64887267277,0.0673330630448,0.0,1.40425325898,4.63452957945,1.46027427783,2.03045648004,9.72309707529,0.754341734131,2.69169315201
2007-07-20,0.0,1017.783333,13.545833,22.8,17.503125,13.2,78.802083,54.0,5.8,1.189583,,18.0,78.802083,0.889749883852,-22.97416667,-0.400974851293,4.0,101.252726383,201.0,0.968659311188,0.359076440131,1.41099058558,10.7791740648,0.19,23.936330119,14.0911612039,17.9541624957,10.850194127,0.129771028155,2.14655497805,1.69153003545,0.0673330630448,0.0,3.95458554326,6.89560858374,2.49151902695,2.06650270281,9.76602268857,0.791331772729,2.61142389833
2007-07-21,0.0,1016.085263,16.007368,25.0,19.761053,13.1,80.0,58.0,4.1,0.893684,,19.05,80.0,0.66843190866,-22.97416667,-0.400974851293,4.0,101.252726383,202.0,0.968841812208,0.355652535602,1.41266562943,10.7919704573,0.19,24.0448543335,15.7597466669,18.0355643384,12.1350049335,0.137457221055,2.33768713113,1.87014970491,0.0673330630448,0.0,4.41646740444,7.7185375291,2.86827721122,2.26141750423,9.81030056805,0.799774497687,2.82756890944
2007-07-22,0.0,1010.26875,13.601042,33.8,25.309375,15.4,55.875,23.0,13.0,2.588542,,24.6,55.875,1.93610277202,-22.97416667,-0.400974851293,4.0,101.252726383,203.0,0.969033546073,0.35212324355,1.41438731159,10.8051231401,0.19,24.1566458592,18.119416926,18.119416926,13.9519510331,0.184795885217,3.50503664994,1.95843922815,0.0673330630448,0.0,5.58477955912,8.36717147394,4.12286770863,4.18480310223,9.85591151054,0.713252208157,5.86721366492
2007-07-23,0.0,1009.061458,15.21875,30.9,27.126042,16.7,51.71875,29.0,20.9,3.783333,,23.8,51.71875,2.82974798507,-22.97416667,-0.400974851293,4.0,101.252726383,204.0,0.969234455965,0.348489609782,1.41615474948,10.818625371,0.19,24.2716561142,17.3778955858,18.2056838182,13.380979601,0.177226055249,3.18413698657,1.64679584774,0.0673330630448,0.0,5.75804675872,7.62293284232,3.57046608556,4.65321067014,9.9028356946,0.676868208709,6.87461844162
2007-07-24,3.6,1015.308333,19.096875,23.3,20.977083,19.8,89.145833,74.0,6.5,0.559375,,21.55,89.145833,0.418385132672,-22.97416667,-0.400974851293,4.0,101.252726383,205.0,0.969444482353,0.344752711021,1.41796705048,10.8324703308,0.19,24.3898350136,8.6695486024,18.294327447,6.67555242384,0.157323330899,2.58515468959,2.30455768237,0.0673330630448,0.0,1.36637464624,5.3091777776,1.68490578144,1.55800252445,9.95105268557,0.81375911764,1.91457458439
2007-07-25,8.8,1011.490625,19.297917,28.2,22.660417,19.8,82.520833,47.0,15.2,1.19375,,24.0,82.520833,0.892866595982,-22.97416667,-0.400974851293,4.0,101.252726383,206.0,0.969663562999,0.340913654592,1.41982331319,10.8466511333,0.19,24.5111309833,13.497601275,18.3853091279,10.3931529818,0.179093549026,3.06683013377,2.53077377308,0.0673330630448,0.0,2.87809330687,7.51505967491,2.78655278803,2.42362281869,10.0005414412,0.797700737237,3.03826072304
2007-07-26,0.6,1021.547917,12.935417,22.3,19.138542,17.4,67.572917,57.0,15.2,2.469792,,19.85,67.572917,1.84728358184,-22.97416667,-0.400974851293,4.0,101.252726383,207.0,0.969891632987,0.336973578089,1.42172262874,10.8611608354,0.19,24.6354909748,10.3612669467,18.4785890704,7.97817554892,0.143569003808,2.34003087097,1.58122711821,0.0673330630448,0.0,2.41244667924,5.56572886968,1.92669176731,2.43324687254,10.0512803177,0.742415427273,3.27747347799
2007-07-27,0.0,1022.802083,13.186458,19.3,17.773958,16.4,74.625,68.0,4.1,0.705208,,17.85,74.625,0.527461081817,-22.97416667,-0.400974851293,4.0,101.252726383,208.0,0.970128624734,0.332933649043,1.42366408202,10.8759924459,0.19,24.7628604823,8.01223005489,18.5741263906,6.16941714227,0.12870332989,2.0520621187,1.53135135608,0.0673330630448,0.0,1.36257859841,4.80683854385,1.41074117772,1.48784096665,10.1032470768,0.794065323828,1.87370096893
2007-07-28,0.6,1024.397917,15.179167,18.5,17.180208,16.4,88.0625,75.0,10.5,2.141667,,17.45,88.0625,1.6018621353,-22.97416667,-0.400974851293,4.0,101.252726383,209.0,0.970374468013,0.328795064571,1.42564675288,10.8911389355,0.19,24.8931835604,6.85399352634,18.671879125,5.27757501528,0.125892470764,1.997521708,1.75906755411,0.0673330630448,0.0,0.785550624394,4.49202439089,1.19326584348,1.35027059543,10.1564188927,0.779911675365,1.73131219608
2007-07-29,44.6,1027.852083,12.466667,19.6,15.959375,14.8,80.53125,54.0,12.1,2.861458,,17.2,80.53125,2.14023058765,-22.97416667,-0.400974851293,4.0,101.252726383,210.0,0.970629089978,0.324559051025,1.42766971733,10.9065932456,0.19,25.0264028439,10.4177192818,18.7718042452,8.02164384701,0.124162255739,1.98225865051,1.59633766949,0.0673330630448,0.0,2.27026759965,5.75137624736,1.80083985312,1.92867789131,10.2107723603,0.758608030446,2.54239055468
2007-07-30,3.8,1026.930208,11.7375,19.3,15.576042,13.1,78.822917,57.0,4.4,0.866667,,16.2,78.822917,0.648224514463,-22.97416667,-0.400974851293,4.0,101.252726383,211.0,0.970892415176,0.320226863629,1.42973204871,10.9223482967,0.19,25.1624595687,11.9042636202,18.8738576733,9.16628298756,0.117441604433,1.87322733472,1.47653242727,0.0673330630448,0.0,2.93034379129,6.23593919627,1.99901407032,1.7668329982,10.266283504,0.798276421551,2.21330976401
2007-07-31,0.0,1021.93125,12.428125,21.4,16.251042,11.7,79.0,56.0,6.7,1.292708,,16.55,79.0,0.966882338478,-22.97416667,-0.400974851293,4.0,101.252726383,212.0,0.971164365581,0.315799786101,1.43183281873,10.9383969976,0.19,25.3012935948,14.9720819053,18.9779942996,11.528503067,0.119757806771,1.96191451239,1.54991246479,0.0673330630448,0.0,4.09934597214,7.42915709491,2.54005624746,2.13343258013,10.3229277867,0.789477100313,2.70233624165
2007-08-01,0.0,1019.628125,13.902083,24.1,18.602083,11.7,75.510417,48.0,3.5,0.836458,,17.9,75.510417,0.625629660433,-22.97416667,-0.400974851293,4.0,101.252726383,213.0,0.971444860606,0.311279130281,1.43397109863,10.9547322527,0.19,25.4428434309,17.0227644197,19.0841680007,13.1075286032,0.129058398839,2.18846648532,1.65252016897,0.0673330630448,0.0,4.82304240891,8.28448619424,3.00146098996,2.40171987279,10.3806801198,0.792909652132,3.02899563189
2007-08-02,0.0,1019.457292,14.988542,26.6,19.935417,14.0,75.208333,48.0,5.1,0.860417,,20.3,75.208333,0.643549820243,-22.97416667,-0.400974851293,4.0,101.252726383,214.0,0.971733817135,0.306666235737,1.43614596009,10.9713469704,0.19,25.5870462605,17.2567508083,19.192331659,13.2876981224,0.147106821631,2.54056387544,1.91071573952,0.0673330630448,0.0,4.61395482678,8.67374329564,3.24727001011,2.63706186205,10.4395148743,0.791835715288,3.33031437094
2007-08-03,0.0,1021.248958,15.764583,22.1,18.775,14.8,83.135417,69.0,6.1,0.839583,,18.45,83.135417,0.627967007543,-22.97416667,-0.400974851293,4.0,101.252726383,215.0,0.972031149545,0.301962469369,1.43835647633,10.9882340706,0.19,25.7338379695,13.2105102739,19.3024371841,10.1720929109,0.133019277353,2.17180043157,1.80553534519,0.0673330630448,0.0,3.09348097154,7.07861193937,2.36516804204,2.01180863277,10.4994058915,0.806316073479,2.49506204693
2007-08-04,0.0,1019.177083,15.728125,27.7,20.861458,15.4,74.635417,41.0,8.4,1.207292,,21.55,74.635417,0.902995349442,-22.97416667,-0.400974851293,4.0,101.252726383,216.0,0.972336769728,0.297169225005,1.44060172295,11.0053864912,0.19,25.8831531764,17.2473882277,19.4144355346,13.2804889354,0.157323330899,2.73208259391,2.03910123675,0.0673330630448,0.0,4.41195345736,8.868535478,3.35198814523,2.84513763337,10.560326496,0.783344592798,3.63203838965
2007-08-05,0.0,1020.292708,15.81875,22.9,20.134375,16.0,76.510417,64.0,10.9,1.816667,,19.45,76.510417,1.35877803587,-22.97416667,-0.400974851293,4.0,101.252726383,217.0,0.972650587123,0.292287922985,1.44288077884,11.0227971957,0.19,26.0349252637,12.993749251,19.5282767418,10.0051869233,0.140484980173,2.30538822335,1.76386214315,0.0673330630448,0.0,3.03861634548,6.96657057779,2.39053527668,2.30942869089,10.6222495076,0.773784205017,2.98459011688
2007-08-06,5.0,1021.519792,18.372917,21.1,19.707292,18.2,91.958333,86.0,6.6,0.740625,,19.65,91.958333,0.553951265046,-22.97416667,-0.400974851293,4.0,101.252726383,218.0,0.97297250874,0.287320009746,1.44519272706,11.0404591792,0.19,26.1890864105,8.47369735004,19.6439099348,6.52474695953,0.142019907065,2.29620527829,2.11155209617,0.0673330630448,0.0,1.14375592256,5.38099103697,1.56732538878,1.49966646409,10.6851472555,0.809881926254,1.85171000299
2007-08-07,1.0,1016.607143,16.383333,30.9,23.258333,16.9,68.940476,34.0,9.6,1.158333,,23.9,68.940476,0.866376412753,-22.97416667,-0.400974851293,4.0,101.252726383,219.0,0.973302439186,0.282266957387,1.44753665559,11.0583654741,0.19,26.3455676283,18.7294566678,19.7612833667,14.4216816342,0.178157738803,3.19628113337,2.20353142764,0.0673330630448,0.0,4.70655043728,9.71513119692,3.85740849008,3.32320573654,10.7489915924,0.773275532179,4.29757000997
2007-08-08,0.0,1019.545833,16.027083,26.8,22.261458,16.9,68.59375,47.0,10.7,1.319792,,21.85,68.59375,0.987139845398,-22.97416667,-0.400974851293,4.0,101.252726383,220.0,0.973640280695,0.277130263237,1.44991165806,11.0765091565,0.19,26.5042987976,15.8448275633,19.8803444421,12.2005172237,0.159862550317,2.72460159764,1.86890640838,0.0673330630448,0.0,4.01329567929,8.18722154442,3.10288090658,2.83276837988,10.8137539094,0.769115537195,3.68315063587
2007-08-09,0.0,1021.658947,17.943158,25.1,20.932632,18.0,83.610526,66.0,6.0,1.113684,,21.55,83.610526,0.832981145197,-22.97416667,-0.400974851293,4.0,101.252726383,221.0,0.973985933158,0.271911449409,1.45231683447,11.0948833508,0.19,26.6652087061,13.4998133064,20.0010397463,10.3948562459,0.157323330899,2.62534248243,2.19506265886,0.0673330630448,0.0,2.75426629775,7.64058994818,2.62365603234,2.31478226899,10.8794051521,0.801250785527,2.88896099798
2007-08-10,0.0,1019.730208,16.70625,28.6,22.070833,17.3,73.177083,37.0,7.6,1.321875,,22.95,73.177083,0.988697827488,-22.97416667,-0.400974851293,4.0,101.252726383,222.0,0.97433929415,0.26661206235,1.45475129185,11.1134812352,0.19,26.8282250899,17.1350258572,20.1233150755,13.19396991,0.169471323923,2.94444307844,2.1546575554,0.0673330630448,0.0,4.06227130495,9.13169860507,3.44863137775,3.05002997316,10.9459158367,0.778129826729,3.91969292063
2007-08-11,0.0,1020.221875,14.810417,31.1,24.055208,17.3,59.083333,29.0,14.4,2.657292,,24.2,59.083333,1.98752440844,-22.97416667,-0.400974851293,4.0,101.252726383,223.0,0.974700258963,0.261233672383,1.45721414479,11.1322960458,0.19,26.9932746751,19.0523573273,20.2471154683,14.670315142,0.18097760754,3.2465546208,1.91817267763,0.0673330630448,0.0,5.17128493372,9.49903020828,3.95214078352,4.21950286952,11.0132560674,0.719601046861,5.86366972078
2007-08-12,0.0,1024.892708,17.514583,24.1,20.95625,19.4,80.895833,67.0,7.1,1.444792,,21.75,80.895833,1.08063372979,-22.97416667,-0.400974851293,4.0,101.252726383,224.0,0.975068720636,0.255777873242,1.45970451603,11.1513210806,0.19,27.160283222,11.1875972699,20.3723852391,8.61444989783,0.159012325109,2.62735277322,2.12541891175,0.0673330630448,0.0,1.97319232713,6.6412575707,2.18533343446,2.16015765896,11.0813955546,0.789545127727,2.73595211104
2007-08-13,0.0,1023.753125,17.870833,23.0,20.632292,18.4,84.395833,71.0,5.1,1.01875,,20.7,84.395833,0.761975157827,-22.97416667,-0.400974851293,4.0,101.252726383,225.0,0.975444569984,0.250246281596,1.46222153693,11.1705497039,0.19,27.3291755707,11.1367647921,20.499068012,8.5753088899,0.150313184084,2.46295621438,2.07863241355,0.0673330630448,0.0,1.93748241431,6.63782647559,2.11764996376,1.98862514144,11.1503036328,0.803932442921,2.47362220414
2007-08-14,0.0,1021.964198,17.119753,26.3,22.464198,17.9,72.703704,51.0,8.3,1.440741,,22.1,72.703704,1.07760377999,-22.97416667,-0.400974851293,4.0,101.252726383,226.0,0.975827695637,0.244640536576,1.46476434795,11.1899753492,0.19,27.4998756887,15.143420245,20.6271067566,11.6604335886,0.162004930648,2.73628094343,1.98937759772,0.0673330630448,0.0,3.40927826596,8.25115532266,2.98422296715,2.79781452969,11.219949281,0.774678167553,3.6115830378
2007-08-15,0.0,1021.624051,16.829114,25.9,21.377215,17.7,75.911392,55.0,8.6,1.21519,,21.8,75.911392,0.908902667033,-22.97416667,-0.400974851293,4.0,101.252726383,227.0,0.976217984065,0.238962299285,1.46733209898,11.2095915221,0.19,27.6723067199,15.0558711689,20.7564438244,11.5930208,0.159436958941,2.68349821745,2.03708085116,0.0673330630448,0.0,3.27737284528,8.31564795476,2.94466214944,2.67273338146,11.2903011417,0.785549793112,3.40237296845
2007-08-16,0.0,1021.033333,15.486458,28.3,22.271875,17.1,66.875,36.0,7.2,1.425,,22.7,66.875,1.06583028211,-22.97416667,-0.400974851293,4.0,101.252726383,228.0,0.976615319617,0.233213252308,1.46992394977,11.2293918036,0.19,27.8463910353,17.7064513195,20.8870209877,13.633967516,0.167245783222,2.89825231772,1.93820623748,0.0673330630448,0.0,4.33950487687,9.29446263911,3.54177486151,3.25864124153,11.3613275424,0.763310937194,4.26908757984
2007-08-17,0.0,1021.255914,16.294624,23.7,20.354839,16.9,78.043011,63.0,9.0,1.64086,,20.3,78.043011,1.2272830012,-22.97416667,-0.400974851293,4.0,101.252726383,229.0,0.977019584555,0.227395099211,1.47253907014,11.2493698516,0.19,28.0220502853,13.883787739,21.018779478,10.6905165591,0.147106821631,2.42804548858,1.89491980773,0.0673330630448,0.0,2.90361905312,7.78689750594,2.61256641255,2.48438114143,11.4329965164,0.780322691444,3.18378687262
2007-08-18,0.0,1020.214583,17.144792,24.6,21.153125,17.0,78.197917,61.0,5.8,0.891667,,20.8,78.197917,0.666923291342,-22.97416667,-0.400974851293,4.0,101.252726383,230.0,0.977430659086,0.221509564039,1.47517664032,11.2695194036,0.19,28.1992054539,14.7705704644,21.1516600269,11.3733392576,0.151123943836,2.5154053407,1.96699458053,0.0673330630448,0.0,3.1204209917,8.25291826586,2.81591130683,2.4999589081,11.5052758252,0.79662669498,3.13818118806
2007-08-19,0.0,1020.43125,17.572917,23.5,20.778125,18.8,82.083333,70.0,6.0,0.663542,,21.15,82.083333,0.496296952319,-22.97416667,-0.400974851293,4.0,101.252726383,231.0,0.9778484214,0.215558390802,1.4778358511,11.2898342775,0.19,28.3777769134,11.6890953208,21.2856029072,9.00060339704,0.153990784433,2.53282780721,2.07902948331,0.0673330630448,0.0,1.98944212058,7.01116127646,2.24865464506,2.09251240376,11.5781329807,0.808298127974,2.58878788821
2007-08-20,0.0,1016.5875,14.817708,32.8,23.060417,17.1,64.479167,21.0,12.6,1.870833,,24.95,64.479167,1.39929155381,-22.97416667,-0.400974851293,4.0,101.252726383,232.0,0.978272747705,0.209543342961,1.48051590404,11.3103083738,0.19,28.5576844819,21.4205479762,21.4205479762,16.4938219416,0.188192351464,3.46201762821,2.23228012806,0.0673330630448,0.0,5.08714301824,11.4066789234,4.53938413403,4.2628257321,11.6515352686,0.748664332798,5.69390786412
2007-08-21,0.8,1021.701042,15.615625,21.1,20.079167,16.8,75.6875,66.0,10.0,1.95,,18.95,75.6875,1.45850459658,-22.97416667,-0.400974851293,4.0,101.252726383,233.0,0.978703512263,0.203466202906,1.48321601153,11.3309356756,0.19,28.7388474809,11.3228870816,21.5564347184,8.71862305286,0.136708975809,2.207814225,1.67103939155,0.0673330630448,0.0,2.03929122017,6.67933183268,2.05517551829,2.25352246813,11.7254497722,0.769417492774,2.92886825331
2007-08-22,0.0,1022.673958,14.820833,20.7,19.03125,18.1,76.645833,65.0,4.0,0.819792,,19.4,76.645833,0.613164307814,-22.97416667,-0.400974851293,4.0,101.252726383,234.0,0.979140587431,0.197328771424,1.48593539695,11.3517102499,0.19,28.921184795,8.86046175574,21.6932022911,6.82255555192,0.140103450307,2.25927324511,1.73163879846,0.0673330630448,0.0,1.12698961966,5.69556593225,1.6279223789,1.77276859775,11.7998433964,0.795356421387,2.22889832795
2007-08-23,0.0,1019.1375,15.216667,23.3,20.353125,17.9,72.71875,58.0,7.8,1.532292,,20.6,72.71875,1.14607944887,-22.97416667,-0.400974851293,4.0,101.252726383,235.0,0.979583843692,0.191132867169,1.48867329464,11.3726262476,0.19,29.1046149327,12.8502725383,21.8307895687,9.89470985447,0.149506105327,2.45593417435,1.78592463241,0.0673330630448,0.0,2.483688565,7.41102128947,2.43712587788,2.51177684951,11.8746828925,0.772748744643,3.25044442572
2007-08-24,0.2,1014.15625,14.128125,27.1,20.863542,14.7,68.40625,39.0,5.1,1.092708,,20.9,68.40625,0.817292123445,-22.97416667,-0.400974851293,4.0,101.252726383,236.0,0.980033149702,0.184880326119,1.49142894997,11.3936779036,0.19,29.2890560878,19.5961077704,21.9691351903,15.0890029832,0.151938397973,2.62949848677,1.7987413086,0.0673330630448,0.0,4.78000334379,10.3089996394,3.74554640777,3.27361876847,11.9499348838,0.77358982094,4.231724203
2007-08-25,0.0,1011.785263,15.543158,32.3,22.883158,14.6,65.221053,33.0,7.3,1.310526,,23.45,65.221053,0.980209330736,-22.97416667,-0.400974851293,4.0,101.252726383,237.0,0.98048837232,0.178573001039,1.49420161922,11.4148595364,0.19,29.4744262024,22.1081776059,22.1081776059,17.0232967565,0.173997451748,3.24894995327,2.11899937097,0.0673330630448,0.0,5.19651493958,11.826781817,4.8000299185,4.04141082211,12.0255658906,0.76225232696,5.30193307277
2007-08-26,0.0,1010.365263,15.532632,34.9,24.003158,17.0,64.705263,21.0,7.8,1.205263,,25.95,64.705263,0.90147775671,-22.97416667,-0.400974851293,4.0,101.252726383,238.0,0.980949376654,0.172212760925,1.49699056958,11.4361655477,0.19,29.6606430309,22.2478551246,22.2478551246,17.1308484459,0.198187679997,3.76470401001,2.43596163085,0.0673330630448,0.0,4.79366611264,12.3371823333,5.15196772975,4.33466958771,12.1015423566,0.763392049061,5.67816968103
2007-08-27,0.0,1011.440909,15.729545,28.5,24.45,16.9,59.420455,39.0,10.1,1.685227,,22.7,59.420455,1.26046734655,-22.97416667,-0.400974851293,4.0,101.252726383,239.0,0.981416026099,0.165801490453,1.49979507901,11.4575904215,0.19,29.8476242043,19.3148955378,22.3881059631,14.8724695641,0.167245783222,2.90843156683,1.72820327037,0.0673330630448,0.0,4.78404227835,10.0884272858,3.86350772576,3.77044955868,12.1778306753,0.741191740806,5.08700967792
2007-08-28,0.2,1019.4875,18.577083,22.2,20.367708,20.4,89.583333,81.0,6.7,1.278125,,21.3,89.583333,0.955974967949,-22.97416667,-0.400974851293,4.0,101.252726383,240.0,0.981888182377,0.159341089422,1.50261443609,11.4791287231,0.19,30.035287296,7.65634762941,22.528868295,5.89538767464,0.155233427378,2.53657203493,2.27234577284,0.0673330630448,0.0,0.517182155701,5.37820551894,1.47853905086,1.60621352099,12.2543972168,0.798384048351,2.01183067762
2007-08-29,28.0,1022.986458,17.28125,22.3,19.615625,17.7,86.770833,69.0,4.1,0.595833,,20.0,86.770833,0.445653932971,-22.97416667,-0.400974851293,4.0,101.252726383,241.0,0.982365705577,0.152833472186,1.50544793987,11.5007750975,0.19,30.2235498877,12.3162356439,22.6700802998,9.48350144579,0.144740188112,2.35902038639,2.04694163991,0.0673330630448,0.0,1.94054591806,7.54295552773,2.29934525772,2.13341672101,12.3312083542,0.812979229952,2.62419584956
2007-08-30,4.4,1024.548958,18.559375,22.2,20.672917,17.7,87.9375,76.0,10.4,1.797917,,19.95,87.9375,1.34475395321,-22.97416667,-0.400974851293,4.0,101.252726383,242.0,0.982848454199,0.146280567095,1.50829489965,11.5225242681,0.19,30.4123296362,12.2577157749,22.8116802135,9.4384411467,0.144348898477,2.35085493958,2.0672830625,0.0673330630448,0.0,1.88515893203,7.55328221467,2.28539304337,2.1599930966,12.4082304916,0.787264969373,2.74366722848
2007-08-31,0.6,1022.803125,18.566667,24.8,21.845833,19.4,81.833333,71.0,7.5,1.482292,,22.1,81.833333,1.10868189511,-22.97416667,-0.400974851293,4.0,101.252726383,243.0,0.983336285194,0.139684315914,1.51115463474,11.5443710349,0.19,30.6015443403,13.5111969622,22.9536063788,10.4036216609,0.162004930648,2.69153311071,2.20257125329,0.0673330630448,0.0,2.191956282,8.21166537888,2.66257051816,2.56791449255,12.4854300908,0.790356705764,3.2490576392
2007-09-01,0.0,1018.89375,17.744792,29.2,23.196875,18.4,72.833333,43.0,8.6,1.075,,23.8,72.833333,0.804047405806,-22.97416667,-0.400974851293,4.0,101.252726383,244.0,0.983829054008,0.133046673256,1.5140264742,11.5663102723,0.19,30.7911120086,19.2260847443,23.0957972954,14.8040852531,0.177226055249,3.08434146681,2.24642869138,0.0673330630448,0.0,3.84810650728,10.9559787458,3.95019541915,3.53568383816,12.5627736995,0.782751371397,4.51699475384
2007-09-02,0.0,1020.470526,18.454737,22.9,21.092632,18.4,84.968421,75.0,5.4,0.918947,,20.65,84.968421,0.687327396672,-22.97416667,-0.400974851293,4.0,101.252726383,245.0,0.984326614622,0.126369605997,1.51690975656,11.5883369271,0.19,30.9809509271,12.4868990782,23.2381916714,9.61491229025,0.149909185417,2.45448228629,2.08553484239,0.0673330630448,0.0,1.89106298671,7.72384930354,2.37129368081,2.25234548417,12.6402279783,0.80606736889,2.79423975105
2007-09-03,0.0,1022.163235,19.35,26.0,22.363235,20.2,83.205882,67.0,6.8,1.032353,,23.1,83.205882,0.772149536303,-22.97416667,-0.400974851293,4.0,101.252726383,246.0,0.984828819598,0.119655092697,1.5198038295,11.6104460158,0.19,31.170979727,14.2632354189,23.3807284736,10.9826912725,0.170818606113,2.86441376305,2.38336073568,0.0673330630448,0.0,2.21680987366,8.76588139886,2.88121559362,2.68519188768,12.7177597286,0.802311112096,3.34682126073
2007-09-04,0.0,1023.66875,18.575,26.5,23.805208,20.2,72.875,59.0,11.2,2.015625,,23.35,72.875,1.50758888589,-22.97416667,-0.400974851293,4.0,101.252726383,247.0,0.985335520123,0.11290512301,1.52270804952,11.6326326224,0.19,31.3611174527,14.9559982153,23.5233469789,11.5161186258,0.173084159654,2.91473502815,2.12411315176,0.0673330630448,0.0,2.6209618358,8.89515678996,3.03962244233,3.17132897306,12.7953359207,0.762710185511,4.15797380618
2007-09-05,0.0,1023.655294,18.125882,27.2,23.828235,18.8,70.847059,55.0,8.8,1.981176,,23.0,70.847059,1.4818227193,-22.97416667,-0.400974851293,4.0,101.252726383,248.0,0.985846566049,0.106121697099,1.52562178154,11.6548918954,0.19,31.5512836294,17.3744184402,23.6659868247,13.3783021989,0.169919417968,2.88875657202,2.04659907295,0.0673330630448,0.0,3.38274161484,9.9955605841,3.50110259991,3.49754289493,12.8729237208,0.759494453153,4.60509340181
2007-09-06,0.0,1022.045263,18.206316,27.1,23.257895,18.8,74.0,55.0,8.3,1.774737,,22.95,74.0,1.32741644729,-22.97416667,-0.400974851293,4.0,101.252726383,249.0,0.986361805943,0.0993068250388,1.52854439858,11.6772190449,0.19,31.7413983307,17.3747555189,23.8085880599,13.3785617495,0.169471323923,2.87821770393,2.12988110091,0.0673330630448,0.0,3.25245422202,10.1261075275,3.49687987416,3.38169214079,12.9504905189,0.770008674994,4.39175849651
2007-09-07,0.0,1020.346875,18.414583,26.9,22.3875,18.9,78.989583,57.0,3.6,0.85,,22.9,78.989583,0.635758413893,-22.97416667,-0.400974851293,4.0,101.252726383,250.0,0.986881087129,0.092462526223,1.5314752813,11.6996093396,0.19,31.9313822458,17.1599616582,23.9510911949,13.2131704768,0.169024227534,2.86409925614,2.26234005913,0.0673330630448,0.0,3.01240503912,10.2007654377,3.44941240219,3.11589227303,13.0280039563,0.798928775646,3.90008767742
2007-09-08,0.0,1019.695833,17.636458,26.8,22.046875,18.4,76.875,53.0,7.6,0.94375,,22.6,76.875,0.70587882719,-22.97416667,-0.400974851293,4.0,101.252726383,251.0,0.987404255731,0.0855908287651,1.53441381762,11.7220581035,0.19,32.1211567461,17.6882317894,24.0934372521,13.6199384778,0.166362501143,2.82009719959,2.16794972218,0.0673330630448,0.0,3.22358606423,10.3963524136,3.52939433227,3.20198627936,13.1054319524,0.793122916928,4.0371879453
2007-09-09,0.0,1019.525,17.548958,26.0,21.772917,18.2,77.697917,52.0,6.2,1.092708,,22.1,77.697917,0.817292123445,-22.97416667,-0.400974851293,4.0,101.252726383,252.0,0.987931156725,0.0786937688974,1.53735940225,11.7445607125,0.19,32.3106439513,17.145356348,24.235567815,13.2019243879,0.162004930648,2.72576381485,2.11786170647,0.0673330630448,0.0,3.0753542674,10.1265701205,3.37873250335,3.10976560153,13.1827427321,0.791427758151,3.92931075453
2007-09-10,0.0,1019.670833,17.184375,27.8,22.189583,17.8,74.21875,50.0,11.1,1.54375,,22.8,74.21875,1.15464947229,-22.97416667,-0.400974851293,4.0,101.252726383,253.0,0.988461633977,0.0717733903677,1.54031143629,11.7671125913,0.19,32.4997667947,19.5269244342,24.3774250774,15.0357318143,0.168133020658,2.88715563796,2.14281082505,0.0673330630448,0.0,3.72236834202,11.3133634723,3.91556355313,3.63555869124,13.2599048522,0.77536321222,4.68884599366
2007-09-11,0.0,1019.986458,16.208333,25.5,21.967708,17.7,70.395833,56.0,10.5,1.6375,,21.6,70.395833,1.22476988559,-22.97416667,-0.400974851293,4.0,101.252726383,254.0,0.988995530296,0.0648317438334,1.54326932668,11.7897092094,0.19,32.688449088,17.3458352895,24.518951892,13.3562931729,0.157744151711,2.64436641954,1.86152376861,0.0673330630448,0.0,3.33990394203,10.0163892309,3.37540460171,3.32605495612,13.3368872279,0.765951302205,4.34238436118
2007-09-12,0.0,1019.974725,15.885714,27.0,22.217582,17.3,68.318681,39.0,10.1,1.581319,,22.15,68.318681,1.18274924623,-22.97416667,-0.400974851293,4.0,101.252726383,255.0,0.989532687477,0.0578708862542,1.54623248579,11.8123460776,0.19,32.8766155846,19.4547910942,24.6600918177,14.9801891425,0.16243630349,2.770108517,1.89250160109,0.0673330630448,0.0,3.93656534398,11.0436237985,3.83864326165,3.67933458469,13.4136591585,0.762958344184,4.8224580185
2007-09-13,0.0,1019.074725,16.731868,27.3,22.686813,17.3,69.747253,49.0,9.9,1.658242,,22.3,69.747253,1.24028388679,-22.97416667,-0.400974851293,4.0,101.252726383,256.0,0.990072946348,0.0508928802825,1.54920033091,11.8350187442,0.19,33.0641920419,19.8660496107,24.8007891668,15.2968582002,0.163736246744,2.8017253521,1.95412646969,0.0673330630448,0.0,3.94998538882,11.3468728114,3.93450667516,3.75295687896,13.4901903531,0.764211252444,4.91088932145
2007-09-14,0.0,1016.396667,16.493333,26.9,22.676667,17.2,68.833333,53.0,6.9,1.458889,,22.05,68.833333,1.0911775961,-22.97416667,-0.400974851293,4.0,101.252726383,257.0,0.99061614682,0.043899793652,1.55217228373,11.8577227913,0.19,33.251105283,19.6763959863,24.9409890506,15.1508249094,0.161574525704,2.75345116419,1.89529220884,0.0673330630448,0.0,3.92745461883,11.2233702906,3.87265026443,3.67168637355,13.5664509554,0.766628385023,4.78939528626
2007-09-15,0.0,1013.850562,15.574157,28.1,23.483146,17.2,63.134831,36.0,5.2,0.87191,,22.65,63.134831,0.65214602195,-22.97416667,-0.400974851293,4.0,101.252726383,258.0,0.99116212793,0.0368936985652,1.55514776982,11.8804538307,0.19,33.4372832561,20.9748002774,25.0806374248,16.1505962136,0.166803648642,2.882210416,1.81967867521,0.0673330630448,0.0,4.42925574041,11.7213404732,4.19035443091,3.77303383239,13.6424115685,0.767081807528,4.9186850677
2007-09-16,0.0,1014.527778,17.1,25.3,21.854444,18.3,74.644444,61.0,8.1,1.392222,,21.8,74.644444,1.04131394177,-22.97416667,-0.400974851293,4.0,101.252726383,259.0,0.991710727892,0.0298766710792,1.55812621816,11.9032074999,0.19,33.6226550936,16.9018649211,25.2196811326,13.0144359893,0.159436958941,2.66403633778,1.98855511229,0.0673330630448,0.0,2.93784928598,10.0765867033,3.30570588244,3.19252134145,13.7180432782,0.779405619337,4.09609741352
2007-09-17,0.0,1019.029885,17.570115,25.5,21.898851,18.3,76.701149,62.0,9.5,1.634483,,21.9,76.701149,1.22251331719,-22.97416667,-0.400974851293,4.0,101.252726383,260.0,0.992261784144,0.0228507904909,1.56110706054,11.9259794583,0.19,33.8071511684,17.2356800955,25.3580679484,13.2714736735,0.160289100959,2.68330085208,2.05812258468,0.0673330630448,0.0,2.93776105212,10.3337126214,3.37950683897,3.25832745405,13.7933176767,0.778030081879,4.18791963183
2007-09-18,0.6,1020.860714,14.042857,23.1,20.589286,19.5,66.345238,56.0,10.9,1.879762,,21.3,66.345238,1.40597000896,-22.97416667,-0.400974851293,4.0,101.252726383,261.0,0.992815133397,0.0158181387201,1.56408973109,11.9487653828,0.19,33.9907031493,12.2536366994,25.4957466182,9.4353002585,0.155233427378,2.54667765106,1.68959934869,0.0673330630448,0.0,1.74102620574,7.69427405277,2.36633460914,2.88689615917,13.8682068849,0.752469057028,3.83656461645
2007-09-19,0.0,1016.38125,14.344792,25.9,21.036458,16.4,66.322917,47.0,4.8,0.913542,,21.15,66.322917,0.683284721111,-22.97416667,-0.400974851293,4.0,101.252726383,262.0,0.993370611681,0.0087807996935,1.56707366569,11.971560964,0.19,34.1732440547,20.0125122969,25.6326669005,15.4096344686,0.153990784433,2.60344316394,1.72667944876,0.0673330630448,0.0,4.04723023303,11.3624042356,3.84984701557,3.53341192162,13.9426835743,0.773090728801,4.57050096449
2007-09-20,0.0,1013.790526,17.557895,26.2,22.302105,16.1,75.410526,58.0,4.5,0.690526,,21.15,75.410526,0.516479664131,-22.97416667,-0.400974851293,4.0,101.252726383,263.0,0.993928054395,0.00174085872642,1.57005830145,11.9943619017,0.19,34.3547083039,20.7443844867,25.7687796046,15.9731760548,0.153990784433,2.61565992698,1.97248290931,0.0673330630448,0.0,3.89281401817,12.0803620366,3.99063873248,3.54892594634,14.016720988,0.795845944479,4.45931272373
2007-09-21,0.0,1014.947917,18.397917,29.7,22.591667,18.5,78.458333,48.0,14.1,1.496875,,24.1,78.458333,1.11958926564,-22.97416667,-0.400974851293,4.0,101.252726383,264.0,0.994487296358,-0.00529959809467,1.57304307619,12.0171639011,0.19,34.5350317667,21.9595012517,25.9040366276,16.9088159638,0.180033500425,3.15018724997,2.4715844027,0.0673330630448,0.0,3.65437987019,13.2544360936,4.5443407965,4.13393818907,14.0902929608,0.784146085035,5.27189801488
2007-09-22,0.0,1015.123077,17.769231,28.7,22.889744,19.1,73.512821,56.0,7.5,1.144872,,23.9,73.512821,0.85630824333,-22.97416667,-0.400974851293,4.0,101.252726383,265.0,0.995048171855,-0.0123384845305,1.57602742783,12.0399626682,0.19,34.7141518111,20.43599444,26.0383909905,15.7357157188,0.178157738803,3.07394656848,2.25974483852,0.0673330630448,0.0,3.51492056694,12.2207951519,4.20887695005,3.88772873405,14.1633739389,0.78255727227,4.9679798167
2007-09-23,0.0,1010.766667,17.994792,28.8,23.6625,19.5,71.635417,49.0,6.4,0.983333,,24.15,71.635417,0.735484974598,-22.97416667,-0.400974851293,4.0,101.252726383,266.0,0.995610514684,-0.019373714807,1.57901079389,12.0627539061,0.19,34.8920073481,20.2172010751,26.1717968716,15.5672448278,0.180505033608,3.11324636527,2.230187016,0.0673330630448,0.0,3.480192999,12.0870518288,4.18877848135,3.86365519849,14.235938998,0.782389576427,4.9382754
2007-09-24,0.0,1006.882692,13.223077,37.0,29.069231,19.5,43.865385,16.0,13.9,1.763462,,28.25,43.865385,1.31898329892,-22.97416667,-0.400974851293,4.0,101.252726383,267.0,0.996174158213,-0.0264032042338,1.58199261094,12.0855333104,0.19,35.0685388751,26.3042096394,26.3042096394,20.2542414223,0.222884043287,4.27084756255,1.87342372608,0.0673330630448,0.0,6.03464818311,14.2195932392,6.33949012141,6.02093863421,14.307963861,0.697009820329,8.63824075157
2007-09-25,,,,,,22.9,,,,,,,,,,,,,,,,,,,,,,,,,,,,,,,,,,
2007-09-26,,,,,,,,,,,,,,,,,,,,,,,,,,,,,,,,,,,,,,,,
