Datas,"EVAPORACAO DO PICHE, DIARIA(mm)","INSOLACAO TOTAL, DIARIO(h)","PRECIPITACAO TOTAL, DIARIO(mm)","TEMPERATURA MAXIMA, DIARIA(°C)","TEMPERATURA MEDIA COMPENSADA, DIARIA(°C)","TEMPERATURA MINIMA, DIARIA(°C)","UMIDADE RELATIVA DO AR, MEDIA DIARIA(%)","UMIDADE RELATIVA DO AR, MINIMA DIARIA(%)","VENTO, VELOCIDADE MEDIA DIARIA(m/s)",Unnamed: 10,"EVAPREF, DIARIA(mm)"
1961-01-01,,,,28.6,26.38,24.1,84.75,83,7.0,,3.87024539713
1961-01-02,,,0.0,28.6,26.34,24.8,81.25,83,7.666667,,4.10033388974
1961-01-03,,,8.9,28.0,25.58,22.9,84.0,77,9.0,,4.02236790812
1961-01-04,,,5.4,28.6,25.42,22.3,91.25,86,6.333333,,3.62092035314
1961-01-05,,,0.0,30.2,26.48,24.1,91.0,89,5.666667,,3.82495599262
1961-01-06,,,0.8,28.6,26.1,24.6,90.0,87,7.666667,,3.28865784879
1961-01-07,,,5.8,28.4,26.16,24.4,85.5,84,7.666667,,3.70052951938
1961-01-08,,,0.0,29.3,26.34,24.1,87.5,80,7.0,,3.82606563286
1961-01-09,,,0.2,28.8,26.3,24.6,86.75,80,7.0,,3.64890943749
1961-01-10,,,0.0,29.2,26.42,24.6,85.0,81,7.0,,3.93034417132
1961-01-11,,,46.3,28.2,25.6,21.8,85.5,80,7.0,,4.04050804442
1961-01-12,,,0.0,28.3,25.44,23.8,88.0,80,2.666667,,3.51769224579
1961-01-13,,,7.3,28.1,25.54,23.2,84.0,80,4.0,,3.81305051319
1961-01-14,,,0.0,28.2,25.96,24.8,82.25,79,4.333333,,3.59970061362
1961-01-15,,,0.4,28.4,25.86,23.4,82.25,76,4.0,,3.95948643635
1961-01-16,,,0.2,29.4,26.54,24.6,84.0,76,3.666667,,3.90425401079
1961-01-17,,,0.6,29.4,26.56,24.7,83.0,75,5.0,,4.02512290025
1961-01-18,,,0.0,29.3,26.58,24.4,77.5,71,5.0,,4.43256738779
1961-01-19,,,0.0,29.7,26.32,22.8,80.75,77,4.0,,4.5291241656
1961-01-20,,,0.0,29.0,25.44,22.2,83.5,71,4.0,,4.27263268847
1961-01-21,,,0.0,29.4,25.38,23.4,82.5,74,3.333333,,4.19552994436
1961-01-22,,,0.0,28.3,25.24,21.4,88.0,83,3.0,,3.98631515441
1961-01-23,,,1.4,33.0,26.86,22.2,83.0,74,4.333333,,5.40825219776
1961-01-24,,,1.8,32.4,27.26,24.2,86.0,79,5.0,,4.78612531439
1961-01-25,,,13.2,26.6,25.44,24.0,91.0,93,3.666667,,2.67939865707
1961-01-26,,,4.2,27.9,25.88,24.2,91.5,87,7.0,,2.99341899239
1961-01-27,,,15.8,28.1,24.76,23.2,96.25,89,2.666667,,3.24122534238
1961-01-28,,,41.4,27.0,24.86,21.9,93.5,94,3.666667,,3.20769065735
1961-01-29,,,0.4,28.7,26.24,24.3,86.0,82,5.666667,,3.66542540861
1961-01-30,,,0.0,29.4,26.1,23.2,85.25,79,6.333333,,4.1330057628
1961-01-31,,,0.0,29.4,26.34,23.4,86.25,80,6.333333,,4.01655269647
1961-02-01,,,0.0,28.8,25.92,23.4,83.5,76,5.666667,,4.04050993046
1961-02-02,,,0.0,29.5,25.72,21.8,79.25,71,4.333333,,4.67330290017
1961-02-03,,,0.0,30.0,25.9,21.5,77.25,68,2.666667,,4.78013120632
1961-02-04,,,0.0,29.8,26.26,23.2,80.0,69,2.666667,,4.34215624107
1961-02-05,,,0.0,29.6,26.3,22.8,79.0,72,3.666667,,4.49163198081
1961-02-06,,,0.0,29.6,26.54,23.0,80.5,73,3.333333,,4.34901981801
1961-02-07,,,0.2,29.8,26.72,23.8,79.0,71,2.666667,,4.24770207212
1961-02-08,,,0.0,29.8,26.46,23.2,79.5,71,2.666667,,4.33562512007
1961-02-09,,,0.9,30.2,26.34,23.2,79.0,68,3.666667,,4.5735883824
1961-02-10,,,0.0,29.8,26.52,23.2,79.5,73,2.666667,,4.32195405412
1961-02-11,,,7.4,28.7,26.32,23.8,84.25,78,5.0,,3.80766488669
1961-02-12,,,0.0,29.6,26.62,23.8,83.75,80,4.0,,4.04987014405
1961-02-13,,,0.9,30.2,26.62,23.2,85.5,82,5.0,,4.23722975157
1961-02-14,,,2.3,29.6,26.76,24.7,87.75,82,4.0,,3.63183040074
1961-02-15,,,3.4,27.2,24.72,21.1,85.25,79,2.333333,,3.7021299067
1961-02-16,,,2.1,28.5,25.44,21.8,81.75,73,3.0,,4.08931545945
1961-02-17,,,0.0,29.0,25.94,22.0,78.5,67,1.333333,,4.11522282539
1961-02-18,,,0.3,30.3,26.16,22.4,78.25,68,4.333333,,4.7556304684
1961-02-19,,,0.0,29.7,26.06,22.0,77.75,68,3.333333,,4.55939117823
1961-02-20,,,3.6,28.7,25.66,23.0,82.5,76,3.333333,,3.89732645152
1961-02-21,,,0.0,29.6,26.44,22.2,79.25,70,3.333333,,4.41743135248
1961-02-22,,,0.0,30.5,26.96,22.8,78.25,71,3.666667,,4.64714352039
1961-02-23,,,0.0,30.4,27.0,23.2,78.75,73,4.666667,,4.63379522693
1961-02-24,,,0.0,30.6,26.8,22.9,78.5,67,4.666667,,4.73334080667
1961-02-25,,,0.0,29.7,26.68,23.2,78.5,74,6.333333,,4.6087571483
1961-02-26,,,0.0,29.8,26.58,22.8,79.0,72,7.0,,4.68713828699
1961-02-27,,,0.0,30.1,26.7,22.5,81.5,76,5.666667,,4.49393479203
1961-02-28,,,0.0,29.7,26.54,23.1,81.75,76,6.333333,,4.32822364848
1961-03-01,,,0.0,30.4,26.8,23.0,80.75,73,6.333333,,4.5934680855
1961-03-02,,,0.0,30.8,25.6,23.4,82.0,80,3.0,,4.31605260441
1961-03-03,,,17.2,25.3,23.48,20.4,88.0,78,0.666667,,3.08663837215
1961-03-04,,,0.4,28.3,25.68,22.9,85.25,79,3.333333,,3.56359164876
1961-03-05,,,0.0,29.3,26.62,23.2,84.5,79,4.333333,,3.85936258159
1961-03-06,,,18.3,29.0,26.24,24.2,86.75,76,3.333333,,3.42386413918
1961-03-07,,,0.0,29.2,26.18,22.7,79.25,73,3.333333,,4.08605261093
1961-03-08,,,0.0,29.3,26.08,22.4,84.75,78,3.333333,,3.89328905295
1961-03-09,,,0.0,30.3,27.12,24.2,84.0,76,4.0,,3.93852948487
1961-03-10,,,0.0,30.6,27.3,24.2,82.75,76,2.666667,,3.97066372229
1961-03-11,,,0.0,30.4,27.0,23.9,83.75,76,3.333333,,3.96122289574
1961-03-12,,,1.2,30.1,26.96,24.4,80.75,73,3.0,,3.88431801342
1961-03-13,,,0.0,29.7,26.44,22.5,78.0,76,2.333333,,4.08608131168
1961-03-14,,,1.7,29.7,26.48,23.0,81.0,74,4.0,,4.06604576447
1961-03-15,,,0.0,29.7,26.44,22.4,82.75,74,4.333333,,4.05764522391
1961-03-16,,,0.0,29.4,26.68,23.4,82.25,75,5.666667,,3.96338162553
1961-03-17,,,3.2,29.8,27.0,24.7,83.5,74,5.0,,3.72634317951
1961-03-18,,,0.3,30.0,26.82,24.0,83.25,73,5.0,,3.89194157262
1961-03-19,,,0.0,30.2,26.64,23.4,84.0,78,4.333333,,3.9234022238
1961-03-20,,,0.0,29.7,26.62,23.8,79.0,70,2.0,,3.69311854409
1961-03-21,,,0.9,29.0,25.9,23.0,84.0,75,1.666667,,3.46921001988
1961-03-22,,,0.2,30.1,27.06,24.5,78.25,69,2.666667,,3.78586364724
1961-03-23,,,0.3,29.5,26.52,23.6,75.25,63,2.0,,3.73134163596
1961-03-24,,,0.0,29.7,27.1,24.4,75.75,69,3.0,,3.83106765258
1961-03-25,,,6.7,28.2,25.86,23.2,83.5,79,2.0,,3.20187173307
1961-03-26,,,3.5,29.6,26.06,22.6,80.75,73,1.666667,,3.67834147416
1961-03-27,,,0.0,28.2,24.86,21.7,84.0,83,2.666667,,3.45329401619
1961-03-28,,,10.0,28.1,23.98,21.9,78.75,74,5.666667,,3.93896124617
1961-03-29,,,0.0,27.4,23.14,20.4,77.5,67,6.333333,,4.06849074219
1961-03-30,,,0.0,27.2,22.98,19.0,78.25,68,5.0,,3.94498252363
1961-03-31,,,0.0,27.2,23.86,19.2,74.75,68,2.333333,,3.73049176811
1961-04-01,,,0.0,28.1,24.5,19.6,75.5,65,1.666667,,3.72122361266
1961-04-02,,,0.0,27.1,24.4,20.3,85.0,81,1.333333,,3.19462672984
1961-04-03,,,0.0,28.2,25.84,22.8,88.0,83,2.0,,3.0172700511
1961-04-04,,,1.8,29.4,26.12,23.8,89.0,81,4.0,,3.13993294482
1961-04-05,,,0.0,29.4,26.4,23.1,84.25,76,4.333333,,3.50928555784
1961-04-06,,,0.0,29.4,26.28,22.4,85.0,81,3.666667,,3.49761594762
1961-04-07,,,0.0,28.8,26.1,24.3,81.75,77,1.0,,2.86570278631
1961-04-08,,,3.2,28.4,25.66,22.0,84.5,79,2.0,,3.20383485474
1961-04-09,,,0.1,28.7,25.68,22.5,81.75,72,2.0,,3.25887060101
1961-04-10,,,0.0,29.1,25.74,21.9,80.0,71,0.666667,,3.25174498606
1961-04-11,,,0.0,28.7,25.52,21.2,81.5,72,2.666667,,3.47051305097
1961-04-12,,,0.0,29.5,26.04,22.0,80.25,71,2.666667,,3.57894136546
1961-04-13,,,0.0,29.4,26.16,22.0,79.25,72,2.666667,,3.57574588936
1961-04-14,,,0.0,28.8,25.74,22.0,80.5,72,2.666667,,3.3860621148
1961-04-15,,,1.1,29.2,25.62,21.8,81.25,73,1.666667,,3.32553506106
1961-04-16,,,0.7,28.8,25.98,21.8,77.5,73,3.666667,,3.64647971711
1961-04-17,,,0.0,28.9,25.18,21.8,84.0,79,1.333333,,3.13820899758
1961-04-18,,,0.0,29.3,25.24,21.2,80.0,71,3.333333,,3.60680258768
1961-04-19,,,0.0,30.6,26.22,20.6,83.25,77,1.666667,,3.62297897975
1961-04-20,,,4.7,28.6,24.58,22.5,86.25,77,5.666667,,3.12947541398
1961-04-21,,,2.2,27.6,24.34,20.7,83.5,74,5.0,,3.23539646173
1961-04-22,,,14.6,26.9,24.18,21.4,91.0,85,3.666667,,2.54862347567
1961-04-23,,,26.0,25.8,23.88,21.4,95.0,91,0.0,,2.32124319174
1961-04-24,,,18.5,28.0,25.3,22.4,88.0,81,3.333333,,2.76253321285
1961-04-25,,,0.0,28.7,25.46,21.3,83.5,81,3.333333,,3.20794875443
1961-04-26,,,0.0,28.7,25.88,21.4,78.5,74,6.333333,,3.79858746123
1961-04-27,,,0.0,28.5,25.22,22.9,86.25,78,2.333333,,2.77490144305
1961-04-28,,,6.2,27.0,25.0,22.5,92.0,90,2.333333,,2.30680134218
1961-04-29,,,1.3,27.2,23.38,21.3,94.75,87,1.666667,,2.44996295233
1961-04-30,,,31.9,25.6,23.44,20.8,88.0,84,1.0,,2.29447453579
1961-05-01,,,0.3,27.4,24.48,21.6,87.25,82,2.0,,2.60526866052
1961-05-02,,,8.0,26.9,24.6,22.0,89.25,84,2.0,,2.38492012696
1961-05-03,,,13.6,27.4,24.68,21.9,87.5,77,3.0,,2.58742937229
1961-05-04,,,0.0,28.2,25.38,21.7,85.5,80,2.666667,,2.80386564416
1961-05-05,,,8.4,28.0,25.1,23.0,90.5,81,2.0,,2.40061772002
1961-05-06,,,5.4,26.8,25.3,23.0,86.75,85,2.666667,,2.29605634351
1961-05-07,,,6.2,28.7,25.64,21.6,81.5,76,2.666667,,3.00634679733
1961-05-08,,,0.0,28.5,25.68,21.3,78.5,76,4.333333,,3.35337115367
1961-05-09,,,0.0,28.4,25.4,21.2,76.5,72,3.666667,,3.32751202787
1961-05-10,,,0.0,28.4,24.92,20.8,77.0,68,1.666667,,2.93292673415
1961-05-11,,,0.2,27.7,24.72,21.3,79.5,71,1.666667,,2.70048351205
1961-05-12,,,7.1,26.8,23.62,21.5,92.5,83,2.333333,,2.21199946895
1961-05-13,,,11.0,25.8,23.84,21.7,86.25,83,3.666667,,2.29905122234
1961-05-14,,,18.6,24.8,22.26,21.1,97.5,84,2.666667,,1.67941534581
1961-05-15,,,52.7,26.8,23.76,20.4,75.5,67,2.666667,,2.88969914786
1961-05-16,,,0.0,26.3,23.02,17.6,77.5,71,0.666667,,2.54515625813
1961-05-17,,,0.0,27.1,23.44,18.5,73.75,61,2.333333,,3.01961283131
1961-05-18,,,0.0,27.2,24.04,18.8,79.0,68,2.666667,,2.90420739734
1961-05-19,,,0.0,29.3,24.86,19.5,78.75,70,2.333333,,3.1285460226
1961-05-20,,,0.0,27.8,24.14,21.7,85.75,80,5.0,,2.70005067312
1961-05-21,,,0.0,24.0,21.6,20.5,85.5,78,5.0,,2.18828607802
1961-05-22,,,1.1,25.4,21.52,19.4,85.75,70,1.666667,,2.23621116884
1961-05-23,,,0.4,25.6,21.9,18.8,84.5,72,3.0,,2.45116213702
1961-05-24,,,0.7,25.7,22.06,19.2,81.25,67,2.0,,2.42190295742
1961-05-25,,,0.0,25.2,21.86,18.7,84.75,75,2.333333,,2.31671981727
1961-05-26,,,0.0,25.3,22.46,19.4,83.0,75,2.333333,,2.32286720315
1961-05-27,,,0.0,25.8,22.58,18.7,78.25,70,2.333333,,2.57909707895
1961-05-28,,,0.0,25.7,22.48,18.3,77.25,69,2.0,,2.54665307256
1961-05-29,,,0.0,25.6,22.66,18.5,76.0,69,1.333333,,2.39367464378
1961-05-30,,,0.0,26.0,22.72,18.4,75.5,69,0.666667,,2.28597154287
1961-05-31,,,2.5,25.8,22.78,18.3,73.5,63,3.0,,2.86053234972
1961-06-01,,,0.0,24.2,22.12,20.6,88.5,74,3.666667,,1.89831195888
1961-06-02,,,1.9,25.5,22.62,20.2,89.25,82,0.666667,,1.9659637529
1961-06-03,,,0.0,25.8,23.42,19.9,85.0,80,0.666667,,2.06097292822
1961-06-04,,,0.5,27.0,23.22,19.3,84.5,75,1.666667,,2.39955355962
1961-06-05,,,0.0,26.0,23.58,20.3,83.25,79,1.666667,,2.19442965974
1961-06-06,,,0.1,26.8,23.5,19.7,82.75,73,1.666667,,2.3649394334
1961-06-07,,,48.3,25.4,22.9,21.1,87.0,84,4.0,,2.1119469263
1961-06-08,,,14.7,26.0,24.38,21.7,77.25,76,4.333333,,2.73397386179
1961-06-09,,,0.7,26.7,23.38,19.8,81.5,71,2.666667,,2.50007589204
1961-06-10,,,2.9,25.5,22.98,19.6,81.75,78,2.0,,2.23582038703
1961-06-11,,,0.0,26.4,23.32,19.0,81.0,74,2.0,,2.41779386123
1961-06-12,,,0.0,27.2,24.14,19.7,81.5,75,2.333333,,2.51836039157
1961-06-13,,,0.0,27.7,24.62,20.6,85.75,78,2.0,,2.36900482282
1961-06-14,,,0.0,28.9,24.88,21.3,84.5,75,2.666667,,2.60242965667
1961-06-15,,,0.0,26.7,23.76,22.5,84.5,74,2.0,,2.06897008896
1961-06-16,,,0.0,24.7,21.82,20.6,86.75,84,5.666667,,2.14563989716
1961-06-17,,,0.0,24.2,21.28,19.4,82.75,75,5.666667,,2.42106847579
1961-06-18,,,5.8,23.6,21.68,19.4,81.25,75,7.666667,,2.62263579313
1961-06-19,,,8.8,24.6,21.38,20.1,76.25,65,3.0,,2.40997869971
1961-06-20,,,0.0,22.7,19.9,16.8,89.75,79,1.666667,,1.82160532804
1961-06-21,,,3.3,25.4,21.8,17.6,80.25,70,2.666667,,2.4588807446
1961-06-22,,,0.0,25.5,22.06,17.4,81.25,72,1.0,,2.21371057631
1961-06-23,,,0.0,25.5,21.82,17.6,85.5,77,2.666667,,2.29699605527
1961-06-24,,,0.0,25.6,21.96,19.4,86.25,75,3.666667,,2.25011689328
1961-06-25,,,9.3,25.1,22.46,19.0,87.0,85,3.333333,,2.15263988242
1961-06-26,,,13.7,25.4,23.48,20.8,79.75,72,6.333333,,2.80038396212
1961-06-27,,,0.5,25.8,23.62,21.9,76.25,72,3.333333,,2.52268599675
1961-06-28,,,0.2,24.8,21.72,19.6,85.75,74,1.333333,,1.94962489299
1961-06-29,,,0.0,25.3,21.74,18.4,79.5,75,2.0,,2.33137424798
1961-06-30,,,3.6,25.6,22.48,19.4,84.0,77,3.0,,2.30192629324
1961-07-01,,,8.2,25.0,22.4,19.6,79.5,71,3.333333,,2.43602216113
1961-07-02,,,6.4,25.3,22.54,19.2,80.75,71,2.666667,,2.35809235191
1961-07-03,,,6.3,25.2,22.5,19.7,80.25,70,2.666667,,2.33130213175
1961-07-04,,,7.0,25.3,22.1,18.6,80.5,68,0.666667,,2.08376910453
1961-07-05,,,11.7,25.2,22.04,19.0,79.5,68,1.333333,,2.1800010111
1961-07-06,,,1.2,25.4,21.6,19.0,83.5,68,0.666667,,2.06197662293
1961-07-07,,,10.3,24.9,22.3,18.6,82.25,71,1.333333,,2.13509898196
1961-07-08,,,0.0,25.5,22.86,18.0,80.0,75,3.0,,2.55406420022
1961-07-09,,,0.0,24.1,21.34,17.4,81.75,75,6.333333,,2.64764078173
1961-07-10,,,0.4,23.5,20.06,15.5,73.5,60,1.666667,,2.37126213034
1961-07-11,,,0.8,22.9,19.92,15.8,77.75,65,0.666667,,2.01973975628
1961-07-12,,,24.0,23.1,20.32,16.6,76.75,68,2.333333,,2.33892157796
1961-07-13,,,3.7,23.5,21.38,17.0,74.75,70,2.333333,,2.43257863157
1961-07-14,,,9.7,24.0,21.08,17.4,71.25,61,1.333333,,2.3092784979
1961-07-15,,,0.0,23.5,19.04,15.5,90.5,67,0.666667,,2.09177947856
1961-07-16,,,5.9,24.2,21.32,17.0,80.5,77,3.0,,2.46585706583
1961-07-17,,,0.0,25.1,21.54,17.4,78.5,72,2.666667,,2.59870443446
1961-07-18,,,0.0,25.0,21.92,17.8,78.75,76,1.0,,2.27767107059
1961-07-19,,,0.0,25.2,21.92,17.4,81.0,73,2.333333,,2.50624994034
1961-07-20,,,0.0,24.9,21.62,17.2,78.25,68,1.333333,,2.39306579027
1961-07-21,,,3.6,25.0,21.9,19.0,78.75,69,2.0,,2.40089910452
1961-07-22,,,0.0,24.5,21.14,16.4,81.25,72,2.666667,,2.52545150381
1961-07-23,,,0.0,25.3,22.02,17.6,78.75,71,1.666667,,2.50519759951
1961-07-24,,,0.0,25.3,22.02,17.6,77.25,68,2.333333,,2.66710358709
1961-07-25,,,0.0,25.1,22.02,17.6,76.5,68,2.0,,2.60850143244
1961-07-26,,,0.0,25.7,22.2,17.5,76.5,68,2.333333,,2.77376331945
1961-07-27,,,0.0,24.8,21.52,16.8,77.75,71,1.333333,,2.49188819777
1961-07-28,,,0.0,25.0,21.76,17.4,75.5,71,2.0,,2.66549101776
1961-07-29,,,1.4,24.8,21.2,18.4,84.75,73,2.333333,,2.37433845598
1961-07-30,,,0.2,23.6,20.68,18.8,87.25,79,3.0,,2.11923033455
1961-07-31,,,3.2,23.4,19.32,11.4,84.75,78,2.333333,,2.57755364101
1961-08-01,,,0.0,25.8,21.78,17.7,81.25,72,3.333333,,2.82294519001
1961-08-02,,,0.0,24.7,21.2,16.7,76.5,71,3.333333,,2.92142371413
1961-08-03,,,0.0,24.5,21.58,17.6,75.25,68,2.0,,2.65903855537
1961-08-04,,,0.0,25.3,21.7,17.2,73.5,64,1.333333,,2.70583008234
1961-08-05,,,0.0,25.0,21.44,16.4,71.5,66,1.333333,,2.75755030711
1961-08-06,,,0.0,24.9,20.9,15.0,65.0,59,1.0,,2.80524333821
1961-08-07,,,0.0,25.2,21.2,14.8,67.25,59,2.333333,,3.25403642013
1961-08-08,,,0.0,25.9,21.66,15.4,70.25,61,1.333333,,3.01096011915
1961-08-09,,,0.0,25.2,21.4,15.2,73.25,68,2.333333,,3.107033279
1961-08-10,,,0.0,25.2,21.78,17.1,75.0,67,2.0,,2.90409890691
1961-08-11,,,4.2,24.5,21.8,18.7,75.75,68,1.666667,,2.59274347502
1961-08-12,,,0.0,24.9,21.5,16.6,72.75,65,1.333333,,2.8225585322
1961-08-13,,,0.0,25.1,21.3,15.6,71.25,63,3.0,,3.32948152944
1961-08-14,,,0.0,25.6,21.74,15.7,77.5,68,3.333333,,3.23398950476
1961-08-15,,,0.0,26.0,22.52,18.2,75.0,66,2.666667,,3.1585024934
1961-08-16,,,0.0,25.7,22.5,17.6,73.5,64,3.333333,,3.34089666253
1961-08-17,,,0.0,25.9,22.42,17.2,76.75,73,4.333333,,3.40876519062
1961-08-18,,,0.0,26.0,22.26,16.8,80.0,71,2.666667,,3.13626463916
1961-08-19,,,0.0,25.8,22.58,17.2,77.75,72,4.0,,3.33197755114
1961-08-20,,,0.0,25.9,22.58,18.0,76.25,68,4.666667,,3.47802865608
1961-08-21,,,0.0,25.7,22.6,17.7,78.75,74,5.666667,,3.42694610142
1961-08-22,,,0.0,24.9,22.74,20.4,80.0,75,3.666667,,2.80642755101
1961-08-23,,,0.0,25.4,22.52,18.2,77.25,72,1.0,,2.82854986024
1961-08-24,,,0.0,26.1,23.3,19.6,75.25,69,4.0,,3.42011139344
1961-08-25,,,0.0,24.3,22.22,18.0,81.5,79,3.666667,,2.89706186897
1961-08-26,,,1.3,25.8,23.64,20.2,76.5,73,5.666667,,3.50435996084
1961-08-27,,,0.0,26.5,23.3,19.6,78.0,70,4.0,,3.39697558813
1961-08-28,,,0.0,26.5,23.56,19.8,75.75,64,4.0,,3.50982467234
1961-08-29,,,0.8,25.9,23.22,21.3,77.5,70,3.333333,,3.05765136121
1961-08-30,,,0.0,25.3,22.22,17.4,82.0,75,3.333333,,3.1494345328
1961-08-31,,,0.0,26.4,23.46,18.7,77.0,67,5.0,,3.67740951159
1961-09-01,,,0.2,25.5,23.42,20.2,77.5,69,2.666667,,3.04195544659
1961-09-02,,,0.0,25.9,23.28,21.5,76.0,71,5.0,,3.42365799329
1961-09-03,,,0.5,26.2,23.24,21.4,80.5,70,4.333333,,3.15209721558
1961-09-04,,,2.2,26.2,23.16,18.8,75.25,65,4.666667,,3.75250562878
1961-09-05,,,0.0,26.8,23.44,18.6,69.75,60,5.666667,,4.39066417037
1961-09-06,,,0.0,26.9,23.5,18.2,76.5,66,7.0,,4.11715776339
1961-09-07,,,0.0,27.1,23.94,19.8,79.75,74,3.333333,,3.50160425415
1961-09-08,,,0.0,26.2,23.8,21.0,77.0,75,2.0,,3.0864190768
1961-09-09,,,0.1,26.3,23.76,20.3,72.0,64,3.333333,,3.64967521485
1961-09-10,,,0.0,26.4,23.5,18.7,77.5,73,6.333333,,3.91269664988
1961-09-11,,,0.0,26.2,23.86,20.5,76.5,74,6.333333,,3.82768756326
1961-09-12,,,0.0,27.5,24.26,20.3,79.0,74,7.0,,3.99098650191
1961-09-13,,,0.0,26.5,23.74,20.2,75.75,68,2.333333,,3.42958240908
1961-09-14,,,0.0,26.2,24.0,21.2,78.5,75,0.666667,,2.86761522978
1961-09-15,,,0.0,27.6,24.0,19.2,69.25,58,2.0,,3.91251846545
1961-09-16,,,0.0,27.4,23.92,19.2,72.0,62,4.0,,4.21330727089
1961-09-17,,,0.0,26.9,24.08,19.5,76.0,71,6.333333,,4.16187252417
1961-09-18,,,0.0,27.0,24.16,19.4,72.25,66,7.0,,4.56988665355
1961-09-19,,,0.0,26.5,24.04,20.5,74.5,69,8.333333,,4.36207611234
1961-09-20,,,0.0,27.0,24.06,19.7,72.25,65,4.333333,,4.18550810575
1961-09-21,,,0.0,27.2,23.8,19.2,69.75,60,6.333333,,4.76288415071
1961-09-22,,,0.0,27.0,23.68,19.4,80.0,72,3.666667,,3.76297120864
1961-09-23,,,0.0,27.3,24.46,21.6,80.75,76,4.0,,3.57609547673
1961-09-24,,,1.0,27.4,24.3,21.3,74.5,67,5.0,,4.13807645182
1961-09-25,,,0.0,26.7,24.04,19.5,75.75,71,7.0,,4.29826805153
1961-09-26,,,0.0,27.5,24.52,20.7,75.0,67,7.0,,4.45753608494
1961-09-27,,,0.0,26.8,24.26,20.3,79.0,75,7.0,,4.01475538772
1961-09-28,,,0.0,27.3,24.68,21.5,78.5,73,8.333333,,4.17615309834
1961-09-29,,,0.0,26.7,24.62,22.2,79.5,73,8.333333,,3.87832160133
1961-09-30,,,0.0,27.5,24.86,22.2,77.75,71,3.333333,,3.69130529014
1961-10-01,,,0.7,27.6,25.04,22.6,77.0,72,4.333333,,3.8469091516
1961-10-02,,,0.8,27.1,24.84,22.7,77.25,73,5.0,,3.78443748842
1961-10-03,,,0.0,27.1,24.1,20.8,71.75,64,3.333333,,4.0945357918
1961-10-04,,,2.8,26.4,23.08,21.2,83.0,67,4.333333,,3.43264009883
1961-10-05,,,1.1,25.6,23.3,21.3,82.0,80,5.0,,3.32627355329
1961-10-06,,,0.5,26.6,24.26,22.7,75.5,69,4.333333,,3.6936659741
1961-10-07,,,0.0,26.5,24.5,22.3,73.75,67,4.333333,,3.8457902247
1961-10-08,,,0.0,26.7,24.06,20.4,73.25,65,2.666667,,3.91939211373
1961-10-09,,,0.0,27.5,24.06,19.8,71.0,63,3.666667,,4.47501896485
1961-10-10,,,0.0,27.4,24.46,20.3,70.0,65,5.666667,,4.81536605229
1961-10-11,,,1.2,27.0,24.18,21.5,81.75,74,4.666667,,3.70080817046
1961-10-12,,,0.0,26.7,24.56,21.3,81.0,77,5.666667,,3.77728511673
1961-10-13,,,0.3,26.4,24.64,22.5,83.5,80,6.333333,,3.37946355508
1961-10-14,,,0.0,27.0,25.48,24.6,81.75,77,7.0,,3.34616082067
1961-10-15,,,8.6,26.6,24.6,22.4,84.75,81,4.666667,,3.2926613453
1961-10-16,,,1.8,27.5,25.34,24.0,75.5,72,4.333333,,3.78363147285
1961-10-17,,,0.5,27.4,24.56,21.4,76.5,69,5.0,,4.22816204453
1961-10-18,,,0.4,27.2,24.36,22.2,76.75,69,3.333333,,3.82997384682
1961-10-19,,,0.0,28.0,24.44,20.4,74.75,72,6.333333,,4.77266620503
1961-10-20,,,0.2,27.2,24.16,21.6,85.75,74,4.0,,3.55419869037
1961-10-21,,,7.5,26.9,24.42,22.4,80.0,75,2.666667,,3.50351067735
1961-10-22,,,0.0,27.7,25.02,22.4,75.75,72,5.666667,,4.34112764513
1961-10-23,,,0.0,27.5,24.74,22.4,74.75,67,3.333333,,4.00959841517
1961-10-24,,,0.4,27.4,24.36,21.8,71.5,65,4.333333,,4.43221646843
1961-10-25,,,0.0,27.0,23.92,19.6,76.25,69,3.0,,4.2085193628
1961-10-26,,,0.0,28.0,24.9,20.3,77.5,69,8.333333,,4.75991980526
1961-10-27,,,0.0,27.8,25.56,23.4,79.25,76,6.333333,,4.04946739766
1961-10-28,,,0.0,27.7,24.86,23.4,81.25,74,5.0,,3.75663420415
1961-10-29,,,2.8,27.7,25.12,23.3,77.75,72,5.0,,4.01684362635
1961-10-30,,,0.0,27.2,25.12,23.6,73.5,68,4.333333,,3.9767331682
1961-10-31,,,1.2,26.9,24.64,23.3,83.0,74,4.0,,3.35513739921
1961-11-01,,,4.9,27.6,25.32,23.4,75.0,69,5.666667,,4.26850115191
1961-11-02,,,0.0,27.5,24.86,22.4,71.5,64,3.666667,,4.29270010422
1961-11-03,,,0.1,29.3,24.84,20.7,71.75,65,4.333333,,5.1252363532
1961-11-04,,,0.4,29.5,24.94,20.0,69.5,67,7.0,,5.79451089423
1961-11-05,,,0.0,27.8,24.88,21.0,76.5,70,7.666667,,4.75163576712
1961-11-06,,,0.0,28.5,25.68,24.1,81.5,76,5.666667,,3.9459668775
1961-11-07,,,0.0,29.5,25.24,23.1,85.5,79,4.333333,,4.08229396085
1961-11-08,,,6.6,26.4,24.22,21.9,79.25,72,3.666667,,3.70386461317
1961-11-09,,,0.8,27.6,24.62,22.1,71.0,68,3.666667,,4.43333930926
1961-11-10,,,0.0,29.4,25.78,23.3,74.0,62,5.0,,4.82503407159
1961-11-11,,,0.0,28.5,25.58,21.4,78.75,71,7.0,,4.67300326622
1961-11-12,,,0.0,26.7,24.8,23.5,81.0,77,1.333333,,3.0745629148
1961-11-13,,,3.1,26.7,24.34,22.0,84.75,79,3.0,,3.49392503388
1961-11-14,,,0.0,28.5,26.06,23.5,79.5,77,8.333333,,4.45135800599
1961-11-15,,,0.0,30.0,26.06,23.3,76.25,56,6.333333,,5.02197131814
1961-11-16,,,0.3,24.8,23.4,22.4,80.5,76,5.666667,,3.2297230475
1961-11-17,,,0.0,25.2,23.66,20.9,73.0,71,6.333333,,4.27297527248
1961-11-18,,,0.0,28.0,24.48,21.4,70.5,61,3.666667,,4.71768241347
1961-11-19,,,0.0,28.4,25.62,23.7,67.5,62,3.666667,,4.60150294053
1961-11-20,,,0.0,28.5,24.9,20.0,77.75,71,4.333333,,4.75128987124
1961-11-21,,,0.0,28.2,25.54,22.1,76.5,70,7.666667,,4.80029697466
1961-11-22,,,0.0,28.5,25.72,22.3,77.0,71,7.666667,,4.81512596018
1961-11-23,,,0.0,28.2,25.5,21.9,72.75,69,8.333333,,5.24583936796
1961-11-24,,,0.0,28.2,25.1,21.3,75.25,69,7.0,,4.94648301354
1961-11-25,,,0.0,28.3,25.46,21.4,75.25,73,7.666667,,5.02614397138
1961-11-26,,,0.0,28.7,25.52,22.3,75.25,68,4.666667,,4.70449556436
1961-11-27,,,2.4,27.6,25.26,22.1,76.75,69,5.666667,,4.44011813336
1961-11-28,,,0.0,28.5,25.62,21.4,73.5,70,7.0,,5.17383985187
1961-11-29,,,0.0,28.3,25.62,22.4,77.5,74,7.666667,,4.7186993042
1961-11-30,,,0.0,28.2,25.94,24.2,77.75,73,8.333333,,4.47051716206
1961-12-01,,,0.0,28.0,26.3,25.3,75.5,70,7.0,,4.24555447262
1961-12-02,,,0.0,28.5,26.0,22.9,79.5,74,7.666667,,4.52976256727
1961-12-03,,,0.0,28.3,26.22,24.4,80.0,77,7.0,,4.13379584914
1961-12-04,,,0.0,28.5,25.62,23.4,78.75,72,3.0,,4.0707567507
1961-12-05,,,7.5,25.2,22.8,21.2,81.5,73,5.666667,,3.57428239249
1961-12-06,,,0.9,27.0,24.28,21.2,72.5,67,4.666667,,4.57703976644
1961-12-07,,,0.0,28.0,23.88,22.0,84.75,75,3.0,,3.95260958923
1961-12-08,,,22.8,24.9,23.92,21.8,90.5,87,2.0,,2.78704397453
1961-12-09,,,42.6,25.9,24.0,21.3,85.75,81,5.666667,,3.4624265376
1961-12-10,,,0.0,26.8,25.4,23.4,81.0,78,5.666667,,3.66862222786
1961-12-11,,,3.4,27.5,25.18,22.2,83.25,79,6.333333,,3.970490822
1961-12-12,,,0.0,27.7,25.8,23.7,80.0,78,7.0,,4.08736823994
1961-12-13,,,0.0,28.5,25.64,22.2,77.25,70,6.333333,,4.7288569151
1961-12-14,,,1.9,28.5,25.84,23.4,79.0,71,4.333333,,4.22275688267
1961-12-15,,,0.5,28.3,25.32,22.3,76.5,68,3.0,,4.33546701157
1961-12-16,,,2.8,28.5,26.16,23.1,80.25,76,4.333333,,4.20640419455
1961-12-17,,,0.9,29.3,26.1,23.0,77.5,74,5.0,,4.69804683221
1961-12-18,,,2.8,28.6,25.36,22.4,77.0,67,4.333333,,4.54933048327
1961-12-19,,,7.5,28.2,25.76,22.9,76.0,67,3.666667,,4.31247576247
1961-12-20,,,0.4,28.2,25.74,22.9,77.25,74,4.333333,,4.33191244364
1961-12-21,,,0.7,29.0,26.48,24.7,70.75,64,6.333333,,5.03210665507
1961-12-22,,,0.0,28.6,25.92,22.4,77.0,72,5.666667,,4.69142745955
1961-12-23,,,12.5,28.0,25.42,22.7,77.0,66,6.333333,,4.54176553437
1961-12-24,,,1.4,27.8,25.66,22.5,76.25,71,7.666667,,4.7054785613
1961-12-25,,,1.1,28.0,25.46,22.3,76.75,70,5.0,,4.48304272517
1961-12-26,,,0.0,28.6,26.18,23.7,74.5,71,5.666667,,4.6735442626
1961-12-27,,,0.4,28.7,26.04,22.9,72.5,66,5.0,,4.87414504463
1961-12-28,,,0.3,28.7,26.58,25.0,74.0,68,4.333333,,4.25407686533
1961-12-29,,,4.4,27.6,25.6,23.4,78.75,72,4.333333,,3.95687745333
1961-12-30,,,0.2,28.5,25.88,22.3,77.5,71,6.333333,,4.69969875007
1961-12-31,,,26.1,26.3,23.0,21.3,98.75,81,5.0,,2.73648993258
1962-01-01,,,108.5,26.3,23.98,20.6,80.0,75,5.0,,4.05496930045
1962-01-02,,,9.9,27.2,25.22,22.9,79.5,72,2.0,,3.62183081117
1962-01-03,,,0.0,28.5,26.28,22.7,81.75,78,5.666667,,4.26487193657
1962-01-04,,,0.7,27.1,24.68,23.3,92.0,83,2.0,,3.11677126107
1962-01-05,,,10.4,28.0,25.3,21.9,84.75,79,2.333333,,3.96547459893
1962-01-06,,,0.0,28.7,26.6,24.7,83.0,79,5.666667,,3.85739670326
1962-01-07,,,5.5,28.1,26.24,23.9,83.0,72,6.333333,,3.87054783826
1962-01-08,,,0.0,28.5,26.32,23.9,77.0,75,7.666667,,4.63072930647
1962-01-09,,,0.0,29.5,26.32,23.3,74.25,66,8.333333,,5.33884009594
1962-01-10,,,0.0,28.5,26.24,23.3,73.25,70,7.0,,4.98269234313
1962-01-11,,,1.7,26.5,24.76,23.5,89.25,76,5.333333,,2.92227275622
1962-01-12,,,3.6,27.5,25.24,23.3,85.0,76,3.0,,3.5021255445
1962-01-13,,,0.0,28.6,26.02,23.7,83.75,76,2.666667,,3.80430500384
1962-01-14,,,0.0,29.6,26.66,23.1,83.25,76,3.333333,,4.29570148718
1962-01-15,,,0.0,32.5,27.82,22.6,77.0,71,4.333333,,5.60268138073
1962-01-16,,,0.0,29.0,27.34,25.9,82.25,76,1.666667,,3.27123650492
1962-01-17,,,0.0,30.4,27.38,25.3,81.5,78,4.333333,,4.27078316625
1962-01-18,,,0.0,29.5,26.96,24.1,77.75,73,6.333333,,4.67966832387
1962-01-19,,,0.0,29.5,26.92,23.7,78.0,70,5.666667,,4.65240277573
1962-01-20,,,0.0,29.6,26.84,24.2,78.25,73,3.666667,,4.34588103057
1962-01-21,,,0.0,29.3,26.02,24.2,81.25,69,2.333333,,3.96176089944
1962-01-22,,,0.7,29.5,26.72,23.5,77.75,69,3.0,,4.3819862656
1962-01-23,,,0.0,30.0,27.12,24.4,79.5,75,5.666667,,4.5617021449
1962-01-24,,,0.6,30.0,27.02,24.3,76.0,64,7.0,,5.00762778218
1962-01-25,,,0.0,29.6,26.7,23.5,76.5,72,6.333333,,4.88323698584
1962-01-26,,,0.0,29.6,26.64,23.1,76.5,71,5.666667,,4.86225537963
1962-01-27,,,0.0,30.0,26.86,23.1,75.25,69,6.333333,,5.14510166966
1962-01-28,,,8.8,28.3,26.18,24.4,85.5,80,5.666667,,3.55900589516
1962-01-29,,,5.6,26.8,25.22,23.9,91.0,85,3.666667,,2.77638499532
1962-01-30,,,7.3,28.5,25.08,23.7,92.75,89,3.0,,3.35394672389
1962-01-31,,,14.2,28.6,25.86,23.5,88.5,82,3.333333,,3.60838659934
1962-02-01,,,4.4,27.6,25.58,23.1,90.0,87,3.666667,,3.29785128096
1962-02-02,,,12.0,28.5,26.44,25.3,79.5,73,4.333333,,3.70055410198
1962-02-03,,,0.0,29.0,26.06,23.1,77.25,69,3.666667,,4.36721218713
1962-02-04,,,0.0,28.8,26.36,23.4,81.25,73,6.333333,,4.24143939405
1962-02-05,,,0.0,29.2,26.9,24.1,80.25,75,6.333333,,4.32352824528
1962-02-06,,,0.0,29.0,26.86,24.5,80.75,73,5.0,,4.02968300265
1962-02-07,,,0.0,29.0,26.7,25.3,81.75,78,5.0,,3.78165187616
1962-02-08,,,0.0,28.7,26.16,23.5,77.5,67,6.333333,,4.48624907386
1962-02-09,,,0.0,29.0,26.44,23.4,77.0,72,6.333333,,4.62235240893
1962-02-10,,,0.0,28.5,26.36,23.5,75.75,66,6.333333,,4.56197228177
1962-02-11,,,0.0,29.7,26.58,23.8,78.5,71,5.666667,,4.56289072709
1962-02-12,,,0.0,30.0,26.9,23.1,75.5,69,4.333333,,4.78639998922
1962-02-13,,,0.0,29.6,26.74,23.3,77.0,70,5.0,,4.63041572699
1962-02-14,,,0.0,29.3,26.84,24.3,80.5,75,5.666667,,4.19568492241
1962-02-15,,,0.0,29.6,26.82,23.7,73.75,64,6.333333,,4.98249198366
1962-02-16,,,0.0,29.5,26.88,23.3,76.5,67,6.333333,,4.77456116988
1962-02-17,,,0.0,29.2,27.1,24.7,78.25,75,7.0,,4.40072074657
1962-02-18,,,0.0,29.1,26.52,23.7,77.25,75,7.666667,,4.6738807096
1962-02-19,,,0.0,28.5,26.06,22.8,80.25,77,5.0,,4.13972901503
1962-02-20,,,0.0,29.5,26.7,23.4,78.0,72,3.333333,,4.26582490633
1962-02-21,,,0.7,29.2,26.46,23.7,79.75,71,3.333333,,4.03463403062
1962-02-22,,,0.0,29.0,26.9,24.3,76.25,70,6.333333,,4.47015927038
1962-02-23,,,0.0,29.3,26.4,22.7,74.75,67,6.333333,,4.88449831081
1962-02-24,,,0.0,29.5,26.46,22.6,72.75,66,7.0,,5.19554760097
1962-02-25,,,0.0,30.0,25.32,23.1,77.5,74,5.0,,4.63862953399
1962-02-26,,,7.1,26.7,23.9,21.6,81.0,72,2.666667,,3.54231118754
1962-02-27,,,0.0,28.0,24.9,22.7,86.25,74,4.333333,,3.5413528689
1962-02-28,,,26.3,27.1,24.04,22.3,91.75,81,2.666667,,3.10174538477
1962-03-01,,,24.7,27.5,24.42,21.6,82.0,70,2.333333,,3.67229551137
1962-03-02,,,0.0,27.7,24.7,21.2,79.25,70,2.333333,,3.86807084062
1962-03-03,,,0.0,28.7,25.64,21.5,78.25,72,2.666667,,4.14317912431
1962-03-04,,,0.0,29.2,26.3,23.7,84.5,76,2.666667,,3.66851752532
1962-03-05,,,0.0,29.8,26.08,24.4,89.75,82,1.0,,3.51490163852
1962-03-06,,,10.4,30.5,26.14,22.0,82.75,74,2.666667,,4.33866654613
1962-03-07,,,4.0,29.6,26.88,25.0,86.5,80,4.333333,,3.48325232252
1962-03-08,,,0.3,29.0,25.78,23.3,83.5,69,4.0,,3.76997434353
1962-03-09,,,0.2,28.6,25.96,23.5,81.75,76,2.333333,,3.54719831523
1962-03-10,,,18.0,28.0,25.4,23.4,86.75,80,3.333333,,3.25134125221
1962-03-11,,,2.5,29.6,25.64,23.4,80.0,74,6.0,,4.27044129733
1962-03-12,,,0.0,28.6,25.48,21.6,82.0,72,3.333333,,3.90362819015
1962-03-13,,,1.7,28.9,26.16,22.7,78.25,74,3.333333,,3.98003616177
1962-03-14,,,4.4,28.7,26.3,23.4,77.25,75,3.0,,3.79643939609
1962-03-15,,,0.4,29.0,26.58,23.3,76.25,69,3.666667,,4.03740798136
1962-03-16,,,0.0,29.2,26.62,23.3,78.0,72,2.666667,,3.83896059318
1962-03-17,,,6.7,27.8,25.88,22.8,80.25,75,2.666667,,3.45280999664
1962-03-18,,,2.3,29.5,26.18,22.8,80.25,73,1.666667,,3.76133569792
1962-03-19,,,3.8,28.2,25.96,23.3,79.75,73,3.333333,,3.55539550334
1962-03-20,,,1.8,28.5,26.18,23.2,78.75,74,3.333333,,3.68617678639
1962-03-21,,,0.0,29.5,26.72,22.9,72.5,63,4.333333,,4.46705840659
1962-03-22,,,0.0,29.5,26.54,23.2,77.5,72,5.666667,,4.29605606302
1962-03-23,,,0.0,29.2,26.68,23.6,80.25,78,4.0,,3.77551544054
1962-03-24,,,0.0,29.2,26.62,24.3,77.75,67,2.0,,3.44204478236
1962-03-25,,,1.4,29.6,26.7,24.2,76.25,67,1.666667,,3.52375933751
1962-03-26,,,2.8,28.7,26.24,23.5,78.75,72,2.0,,3.39876908566
1962-03-27,,,0.6,28.6,25.94,22.7,79.25,71,2.333333,,3.53004003516
1962-03-28,,,0.6,28.6,25.8,23.2,80.75,75,2.333333,,3.38621210735
1962-03-29,,,0.0,29.0,26.4,22.6,74.75,68,2.0,,3.68150493956
1962-03-30,,,0.0,29.6,26.54,22.3,77.25,68,4.0,,4.1025880874
1962-03-31,,,0.9,29.5,26.46,23.6,80.25,71,2.666667,,3.56786373327
1962-04-01,,,0.0,29.6,26.66,22.9,75.25,69,2.333333,,3.79088887611
1962-04-02,,,0.0,29.5,26.48,22.7,75.5,66,3.666667,,4.02519212052
1962-04-03,,,0.0,30.0,26.86,22.7,75.5,71,1.666667,,3.72619507756
1962-04-04,,,0.9,28.7,25.0,22.5,81.5,77,5.666667,,3.71783827102
1962-04-05,,,11.0,27.6,24.58,21.5,67.25,52,3.0,,3.90410024389
1962-04-06,,,0.0,27.5,24.48,20.7,74.5,66,5.0,,4.00346051696
1962-04-07,,,1.1,26.8,24.42,21.2,71.5,67,1.666667,,3.22336406893
1962-04-08,,,2.3,28.0,24.94,20.5,72.5,58,2.0,,3.61076353274
1962-04-09,,,0.0,28.5,25.34,20.6,73.25,65,4.333333,,4.13866340936
1962-04-10,,,0.0,30.0,26.02,20.9,76.5,68,5.0,,4.31480626303
1962-04-11,,,0.0,27.0,24.16,22.2,81.25,74,4.333333,,3.17492981628
1962-04-12,,,0.0,27.5,24.94,21.2,79.75,77,3.666667,,3.39023639875
1962-04-13,,,0.9,28.2,25.26,21.3,78.5,71,2.0,,3.32224471673
1962-04-14,,,0.0,28.2,25.42,21.1,75.75,70,1.666667,,3.32881684223
1962-04-15,,,0.0,28.3,25.22,20.8,78.0,74,1.0,,3.19927436041
1962-04-16,,,0.0,27.8,25.0,20.4,77.5,70,2.666667,,3.4247018665
1962-04-17,,,0.0,28.8,25.6,21.8,79.75,71,2.0,,3.28738157607
1962-04-18,,,0.0,28.5,25.96,22.7,80.25,74,2.666667,,3.18152752532
1962-04-19,,,0.0,28.6,25.18,21.7,77.75,70,4.0,,3.60614621787
1962-04-20,,,0.0,27.0,24.42,22.3,73.75,66,5.0,,3.61611690465
1962-04-21,,,0.0,25.7,23.52,21.1,76.25,70,3.0,,2.96107563697
1962-04-22,,,0.0,26.6,24.04,20.4,70.5,66,3.333333,,3.50997215794
1962-04-23,,,4.8,27.0,24.36,20.8,76.75,68,2.0,,3.01729536861
1962-04-24,,,0.0,28.0,24.92,20.8,78.5,71,3.0,,3.30852803449
1962-04-25,,,0.0,27.6,24.74,21.1,79.75,69,2.333333,,3.04235873227
1962-04-26,,,0.0,28.5,25.68,21.5,79.5,71,3.333333,,3.31475103683
1962-04-27,,,0.0,28.2,25.7,22.9,83.25,77,2.333333,,2.80927007998
1962-04-28,,,17.2,27.5,25.56,23.2,86.5,83,1.666667,,2.43786246082
1962-04-29,,,0.0,27.6,25.58,23.3,85.5,83,0.333333,,2.30380860577
1962-04-30,,,2.0,28.6,25.94,23.3,80.75,79,2.333333,,2.88035397217
1962-05-01,1.9,,7.8,27.4,24.88,22.8,88.5,76,0.666667,,2.33599138539
1962-05-02,1.2,,2.6,28.2,25.84,23.2,82.75,78,3.333333,,2.84461469649
1962-05-03,2.7,,0.0,29.7,26.52,22.5,77.75,71,3.666667,,3.48416848018
1962-05-04,3.3,,0.0,27.3,24.78,23.6,76.25,73,6.333333,,3.44874500435
1962-05-05,3.8,,0.0,24.1,22.62,21.2,75.5,73,3.0,,2.50108680443
1962-05-06,2.1,,0.0,27.2,24.26,20.7,76.75,71,1.666667,,2.79856554469
1962-05-07,2.7,,3.9,25.6,22.9,20.9,83.75,79,5.666667,,2.69940575214
1962-05-08,3.5,,17.4,24.5,22.3,20.3,73.25,68,7.666667,,3.58031387072
1962-05-09,3.3,,0.0,23.7,19.74,18.2,86.5,71,5.666667,,2.38693351799
1962-05-10,2.2,,0.3,22.7,20.46,17.6,81.25,77,5.666667,,2.60428265266
1962-05-11,2.3,,1.7,25.0,22.02,17.5,76.25,69,2.0,,2.71210095289
1962-05-12,3.0,,6.2,25.8,23.58,20.3,71.25,60,4.333333,,3.3215289558
1962-05-13,2.9,,0.0,25.6,22.64,18.4,74.25,70,2.333333,,2.83691234805
1962-05-14,2.6,,0.0,25.4,21.66,18.5,79.25,70,2.333333,,2.64049812614
1962-05-15,2.2,,0.5,25.5,22.44,18.7,77.75,70,1.333333,,2.48811513888
1962-05-16,1.9,,1.1,25.1,22.68,19.3,88.5,77,1.666667,,2.202230568
1962-05-17,1.1,,0.0,26.3,23.86,20.6,86.25,81,1.333333,,2.28289472105
1962-05-18,1.3,,0.0,27.4,24.44,20.8,86.0,78,2.666667,,2.54998854421
1962-05-19,1.8,,0.0,26.4,24.06,21.5,85.25,78,1.0,,2.15657565124
1962-05-20,1.3,,0.0,26.1,23.46,20.4,83.75,77,0.666667,,2.19060271005
1962-05-21,1.6,,0.0,25.6,23.3,19.3,84.75,82,1.0,,2.24038094762
1962-05-22,1.4,,3.0,26.5,23.42,19.4,83.75,76,2.666667,,2.55211604229
1962-05-23,1.8,,0.0,26.6,23.56,19.4,84.0,82,3.0,,2.57929079922
1962-05-24,2.0,,0.0,27.1,23.86,19.4,82.25,74,2.0,,2.59267936227
1962-05-25,2.1,,3.7,25.6,23.38,21.3,77.75,75,5.0,,2.84922788691
1962-05-26,2.6,,0.0,25.7,23.02,19.4,74.75,69,1.666667,,2.47264854578
1962-05-27,2.5,,0.0,26.6,23.36,18.0,75.75,72,4.0,,3.11134894823
1962-05-28,3.8,,0.0,27.1,24.44,20.3,79.25,71,4.333333,,2.93700677857
1962-05-29,2.6,,0.0,26.1,23.82,20.4,82.5,79,2.666667,,2.39922863257
1962-05-30,2.2,,0.0,24.6,21.96,20.6,81.5,76,5.666667,,2.54769905979
1962-05-31,3.2,,0.0,22.5,20.0,18.7,76.5,66,5.666667,,2.68238541719
1962-06-01,3.5,,0.0,24.2,20.84,16.8,69.25,63,5.0,,3.31392636044
1962-06-02,5.0,,0.0,24.6,21.52,17.7,72.25,61,1.333333,,2.33504000016
1962-06-03,2.8,,2.1,24.7,21.2,18.3,86.25,73,0.333333,,2.00312321146
1962-06-04,1.2,,0.7,25.3,21.38,17.8,80.75,71,3.333333,,2.55860487448
1962-06-05,2.8,,0.0,25.1,21.76,19.5,81.0,75,4.333333,,2.54457452704
1962-06-06,1.9,,0.0,24.8,21.9,17.7,79.5,74,1.666667,,2.28582757798
1962-06-07,2.0,,14.2,24.5,22.24,19.7,84.0,76,1.0,,1.90875559756
1962-06-08,1.6,,0.0,25.8,22.52,17.8,83.0,76,3.333333,,2.50982804201
1962-06-09,2.3,,0.0,24.4,22.54,20.4,87.25,83,2.333333,,1.88260748055
1962-06-10,1.2,,23.0,23.4,21.76,19.6,85.25,86,1.333333,,1.75954706658
1962-06-11,1.0,,0.6,24.3,22.42,20.2,85.0,80,2.666667,,1.98718524895
1962-06-12,2.0,,0.0,24.0,22.04,19.4,78.5,76,5.0,,2.60036234405
1962-06-13,2.5,,0.9,23.4,21.12,18.6,78.5,74,3.0,,2.26587608403
1962-06-14,2.4,,0.0,22.7,19.92,17.3,74.0,71,5.666667,,2.88133188091
1962-06-15,3.4,,0.0,23.3,19.82,16.4,73.25,70,5.0,,2.92189530057
1962-06-16,3.8,,0.0,22.9,19.88,17.1,73.25,65,5.0,,2.85042428895
1962-06-17,3.3,,0.2,22.6,18.94,16.7,74.5,68,5.0,,2.75164094947
1962-06-18,3.6,,0.0,23.0,19.82,16.3,76.25,68,2.333333,,2.29219747284
1962-06-19,2.4,,1.6,24.0,20.5,16.2,79.0,69,2.0,,2.28759703615
1962-06-20,1.9,,6.3,23.3,21.32,18.4,87.25,80,0.333333,,1.72754758686
1962-06-21,1.2,,0.2,24.1,21.42,17.2,85.75,80,0.333333,,1.94068256416
1962-06-22,1.2,,0.0,25.0,22.02,18.7,85.25,74,1.333333,,2.05326355707
1962-06-23,1.5,,0.0,25.0,22.76,20.5,85.75,79,2.333333,,1.99194569593
1962-06-24,2.1,,0.0,23.5,21.64,20.5,88.75,86,2.333333,,1.65679546413
1962-06-25,2.7,,1.4,24.2,21.48,19.4,85.75,78,2.333333,,1.97077501874
1962-06-26,1.7,,0.7,23.2,21.0,18.8,78.25,70,3.0,,2.2269961027
1962-06-27,2.0,,1.3,24.0,19.68,16.4,82.25,58,2.333333,,2.24179357159
1962-06-28,1.2,,0.9,23.9,20.74,17.6,80.0,69,2.333333,,2.2324698557
1962-06-29,2.0,,2.9,24.3,21.3,17.8,80.75,69,2.666667,,2.29891735918
1962-06-30,2.2,,0.9,23.7,21.06,18.8,84.75,80,2.0,,1.95359428991
1962-07-01,1.4,,2.4,23.6,20.78,17.3,84.0,80,2.0,,2.06957642104
1962-07-02,1.2,,2.3,22.7,19.98,16.8,93.25,82,1.333333,,1.7747316045
1962-07-03,0.6,,15.3,23.4,21.28,18.8,84.0,80,1.0,,1.81707119513
1962-07-04,1.8,,0.4,24.2,20.8,15.6,77.75,68,2.333333,,2.45012131933
1962-07-05,2.7,,0.0,24.6,21.7,17.3,83.75,75,2.0,,2.22120852655
1962-07-06,1.6,,0.0,26.7,22.56,17.9,82.75,78,3.666667,,2.67103984909
1962-07-07,2.4,,0.0,24.8,21.5,19.3,84.5,79,3.666667,,2.26188410156
1962-07-08,2.7,,0.0,23.1,20.8,19.3,77.25,70,3.0,,2.24537206294
1962-07-09,2.9,,0.1,24.1,21.26,17.6,79.25,71,2.0,,2.26920244486
1962-07-10,2.2,,0.7,24.2,21.68,19.2,83.75,72,1.333333,,1.97665821254
1962-07-11,2.0,,0.3,22.7,21.68,20.3,89.75,84,1.333333,,1.49099865869
1962-07-12,1.6,,0.0,25.1,22.86,21.0,85.5,80,3.0,,2.08856748039
1962-07-13,1.5,,0.0,25.4,22.52,19.6,83.0,77,2.333333,,2.28131485524
1962-07-14,2.2,,1.0,23.1,21.8,19.8,91.5,83,1.666667,,1.62673497475
1962-07-15,1.2,,14.3,23.7,22.18,20.4,91.25,85,1.333333,,1.65636816223
1962-07-16,1.3,,0.9,25.3,22.4,19.3,85.25,76,2.0,,2.21292174073
1962-07-17,1.8,,5.2,24.8,22.38,20.1,82.75,74,2.0,,2.13871088921
1962-07-18,2.2,,0.0,24.5,22.06,18.2,83.5,77,1.333333,,2.16744731876
1962-07-19,2.2,,0.0,25.5,22.8,19.5,77.5,71,3.666667,,2.75262922802
1962-07-20,3.7,,0.0,23.7,20.46,19.4,79.75,74,7.0,,2.77577029289
1962-07-21,3.1,,0.6,20.5,17.94,17.0,86.0,78,4.333333,,1.86756219472
1962-07-22,1.2,,0.0,23.0,19.3,14.3,79.25,65,3.666667,,2.60010654057
1962-07-23,1.6,,0.0,23.0,20.16,15.6,79.5,68,1.333333,,2.2522937238
1962-07-24,2.2,,0.0,21.7,19.7,17.8,88.25,82,3.666667,,1.85465308849
1962-07-25,1.4,,0.5,24.2,21.4,17.2,84.5,77,1.666667,,2.28408166748
1962-07-26,1.7,,0.0,25.0,22.14,18.7,85.5,77,3.333333,,2.39529493055
1962-07-27,2.3,,0.0,22.8,20.0,19.0,83.75,78,5.0,,2.25678463305
1962-07-28,2.9,,0.0,23.0,19.32,14.0,75.5,72,4.666667,,2.95472103894
1962-07-29,3.6,,0.0,23.0,19.34,15.4,72.5,63,4.0,,2.97328096253
1962-07-30,3.3,,0.0,23.1,19.64,15.7,75.75,68,1.333333,,2.3939658474
1962-07-31,1.6,,0.0,23.4,19.68,13.9,81.5,71,2.666667,,2.59173407069
1962-08-01,2.3,,0.0,23.7,20.66,16.8,82.25,74,2.333333,,2.43485778039
1962-08-02,2.2,,1.1,24.6,21.7,19.3,82.25,74,2.333333,,2.38475754531
1962-08-03,2.0,,4.0,24.2,21.06,18.3,84.75,75,1.666667,,2.29227395145
1962-08-04,2.5,,0.0,23.5,20.88,16.3,83.75,78,3.0,,2.47916023972
1962-08-05,2.4,,0.0,24.8,22.18,19.8,77.5,71,1.666667,,2.42080671578
1962-08-06,2.9,,1.5,25.2,22.64,20.4,75.75,69,3.666667,,2.88936081967
1962-08-07,2.9,,0.0,24.2,20.96,17.3,80.75,74,2.0,,2.55301688291
1962-08-08,2.6,,0.0,24.6,21.72,18.4,75.0,69,2.333333,,2.75205546088
1962-08-09,2.7,,3.2,23.6,21.6,18.8,81.75,74,2.333333,,2.3582306748
1962-08-10,2.2,,0.7,24.6,22.38,19.7,78.0,70,2.0,,2.50771938134
1962-08-11,3.2,,0.0,24.8,21.66,17.3,81.0,74,3.666667,,2.86558370573
1962-08-12,3.0,,0.0,25.2,22.22,18.1,81.5,76,4.666667,,2.95313878324
1962-08-13,3.2,,0.0,24.0,21.68,20.7,90.0,84,3.0,,1.99059192859
1962-08-14,1.9,,0.8,24.5,21.86,19.8,76.5,71,5.0,,3.07270904386
1962-08-15,3.1,,0.0,24.4,21.46,17.8,75.0,72,3.0,,2.98181037129
1962-08-16,3.4,,5.9,24.6,21.88,17.8,74.75,69,4.333333,,3.25316084411
1962-08-17,4.2,,0.0,24.7,21.8,16.7,78.25,70,4.666667,,3.19624101999
1962-08-18,3.5,,0.0,25.6,22.88,19.4,83.0,76,5.0,,2.942694043
1962-08-19,2.5,,0.0,25.5,22.58,18.4,79.75,71,4.0,,3.10751767019
1962-08-20,3.1,,0.0,24.7,22.28,19.9,84.5,74,5.666667,,2.70852757307
1962-08-21,2.0,,0.0,25.2,22.54,19.3,81.0,76,2.0,,2.72948942077
1962-08-22,2.1,,0.0,25.6,22.56,17.8,78.0,71,4.0,,3.29440442298
1962-08-23,3.3,,0.0,25.7,22.9,18.2,78.5,77,6.333333,,3.50365286508
1962-08-24,3.7,,0.0,23.6,21.26,20.1,82.0,77,5.0,,2.63185451751
1962-08-25,2.8,,0.0,22.2,20.4,18.6,75.25,71,5.666667,,3.02469387023
1962-08-26,3.5,,0.0,24.0,21.36,17.8,73.25,66,3.333333,,3.18944701597
1962-08-27,3.5,,0.0,24.8,21.96,17.2,78.5,72,4.666667,,3.30833530236
1962-08-28,2.9,,0.0,26.2,22.94,18.5,84.0,79,3.666667,,3.12476342763
1962-08-29,2.4,,0.0,25.6,22.64,18.8,82.5,78,4.0,,3.09632060158
1962-08-30,3.2,,0.0,26.6,22.96,17.6,73.75,66,7.0,,4.20596972765
1962-08-31,4.0,,0.0,25.5,22.3,18.2,78.25,70,5.0,,3.4691314488
1962-09-01,3.6,,0.0,24.3,22.52,21.2,80.75,75,4.333333,,2.71690080161
1962-09-02,2.4,,0.8,23.6,22.48,20.4,85.25,82,5.0,,2.47338540954
1962-09-03,1.6,,39.1,24.4,22.78,21.0,90.0,88,2.666667,,2.24358020477
1962-09-04,1.7,,0.4,25.5,23.44,21.3,83.0,77,2.666667,,2.72822374038
1962-09-05,2.6,,0.0,26.3,23.02,21.4,87.75,80,3.666667,,2.76560970122
1962-09-06,1.6,,40.2,25.0,22.9,20.5,86.0,83,4.0,,2.71554026562
1962-09-07,3.3,,0.2,25.1,23.82,22.2,83.5,82,3.666667,,2.58068880506
1962-09-08,2.5,,0.0,26.1,24.14,22.2,78.5,75,6.333333,,3.44477961283
1962-09-09,4.1,,0.0,26.1,23.3,18.9,81.0,79,5.666667,,3.53028313769
1962-09-10,2.9,,0.0,26.2,23.38,19.7,79.5,73,3.666667,,3.41640818303
1962-09-11,3.6,,0.0,26.6,23.7,19.8,77.25,69,3.333333,,3.5664504151
1962-09-12,3.1,,0.0,26.3,22.86,19.8,82.75,70,3.0,,3.25599889034
1962-09-13,2.4,,3.2,23.6,20.6,19.4,88.75,74,5.0,,2.50214980875
1962-09-14,1.9,,4.3,21.0,19.74,18.7,92.5,86,6.333333,,1.78545570763
1962-09-15,2.1,,12.6,23.0,20.76,18.3,72.25,67,5.0,,3.50974186877
1962-09-16,4.1,,1.4,23.8,20.28,16.8,75.75,63,2.333333,,3.2949949801
1962-09-17,3.1,,1.8,24.3,21.1,17.6,74.25,64,3.0,,3.47353357862
1962-09-18,3.6,,0.0,24.1,21.46,16.4,73.0,69,2.0,,3.44454171627
1962-09-19,3.6,,2.4,24.4,22.16,18.4,80.25,73,2.333333,,3.14642359526
1962-09-20,2.8,,3.1,26.2,23.2,19.4,76.25,71,5.666667,,3.97201859819
1962-09-21,4.3,,0.0,26.0,23.44,19.4,73.0,68,5.666667,,4.16210705887
1962-09-22,4.7,,0.0,25.8,23.12,19.0,76.5,70,4.333333,,3.78652632042
1962-09-23,4.4,,0.0,26.4,22.6,20.8,78.25,71,3.666667,,3.56048557607
1962-09-24,3.2,,8.6,20.8,18.76,18.0,94.5,84,2.666667,,1.94785156211
1962-09-25,0.8,,43.4,22.0,19.28,16.8,93.5,88,0.333333,,2.70550500118
1962-09-26,0.7,,4.2,24.0,22.2,19.4,88.25,83,3.0,,2.74506469017
1962-09-27,1.6,,0.0,25.5,23.42,20.6,83.0,78,4.0,,3.20803086306
1962-09-28,2.2,,0.0,26.7,23.98,20.6,86.75,81,4.666667,,3.31629714358
1962-09-29,2.7,,0.0,26.9,24.36,21.7,84.5,80,5.0,,3.37696514675
1962-09-30,2.4,,0.0,26.6,24.24,21.6,78.75,75,5.666667,,3.76702910406
1962-10-01,3.5,,0.0,26.2,24.02,20.5,78.5,72,6.333333,,3.88785510514
1962-10-02,4.1,,0.0,26.8,24.64,21.8,80.75,78,8.333333,,3.85113780008
1962-10-03,4.1,,0.0,27.7,25.28,23.3,82.75,78,3.666667,,3.38108390394
1962-10-04,2.7,,0.0,27.4,25.26,22.7,83.75,78,3.333333,,3.34412764591
1962-10-05,3.5,,0.3,28.1,25.06,21.8,81.0,82,2.666667,,3.75500772504
1962-10-06,3.1,,0.0,25.2,23.38,22.7,72.75,65,8.333333,,4.10804402917
1962-10-07,5.5,,0.0,25.5,22.74,18.8,64.25,52,3.666667,,4.40459060848
1962-10-08,5.2,,0.0,26.0,23.42,18.8,60.75,56,4.0,,4.78607061007
1962-10-09,5.8,,0.0,26.6,23.76,18.6,79.5,63,4.0,,4.01940980588
1962-10-10,3.7,,0.9,27.1,25.1,22.6,82.5,75,6.333333,,3.60993116243
1962-10-11,3.4,,0.0,27.6,25.22,22.3,76.75,68,7.666667,,4.38617764192
1962-10-12,4.7,,0.0,25.4,23.48,22.6,86.75,81,2.333333,,2.63866386523
1962-10-13,1.5,,6.3,23.3,21.54,20.8,97.25,91,3.666667,,1.96600436976
1962-10-14,0.6,,10.4,22.1,21.1,20.3,99.5,98,5.666667,,1.43602250258
1962-10-15,0.2,,26.7,22.6,21.52,20.2,98.25,97,3.666667,,1.86275862581
1962-10-16,0.6,,18.9,23.4,22.62,21.7,94.25,95,5.0,,1.86009113116
1962-10-17,1.0,,4.3,26.1,23.76,20.7,84.25,78,3.0,,3.42707850588
1962-10-18,2.3,,0.2,27.1,24.96,22.7,78.5,73,5.333333,,3.86737598477
1962-10-19,3.1,,0.0,27.6,24.68,20.6,82.5,78,5.333333,,4.02334169284
1962-10-20,2.9,,0.0,27.8,23.54,21.5,86.25,80,5.0,,3.7099192409
1962-10-21,2.5,,0.7,22.0,19.34,18.3,91.75,88,4.333333,,2.43564968303
1962-10-22,1.0,,3.6,23.4,20.16,17.4,81.75,69,3.666667,,3.41523862757
1962-10-23,1.9,,4.6,24.0,20.98,18.1,91.0,84,4.333333,,3.01020529721
1962-10-24,2.6,,5.0,22.9,21.14,20.4,82.5,76,4.333333,,2.77310010807
1962-10-25,2.8,,5.4,24.7,21.68,18.1,76.5,75,2.333333,,3.75761926228
1962-10-26,3.0,,0.0,24.9,20.6,11.9,75.75,72,2.0,,4.43645700568
1962-10-27,2.9,,0.0,25.6,22.94,20.3,89.0,73,2.333333,,3.26484446494
1962-10-28,1.6,,13.1,25.7,24.02,21.7,89.25,84,5.666667,,2.96530930823
1962-10-29,2.3,,0.0,27.0,24.74,21.9,82.25,81,7.0,,3.86395630906
1962-10-30,3.6,,0.3,27.0,24.92,22.6,82.75,78,5.666667,,3.65056207987
1962-10-31,4.0,,0.0,27.0,25.44,24.4,81.5,78,5.0,,3.30036212402
1962-11-01,3.4,,0.2,27.3,24.94,22.6,82.75,77,5.666667,,3.74594254735
1962-11-02,3.9,,0.3,27.4,25.28,22.8,79.25,75,6.333333,,4.06264066453
1962-11-03,4.5,,0.0,28.0,25.72,23.4,78.5,74,7.0,,4.26720590606
1962-11-04,3.9,,0.0,27.7,25.64,22.7,80.5,75,6.333333,,4.07169047808
1962-11-05,3.7,,0.0,27.6,25.28,22.2,81.75,76,6.333333,,4.02348099408
1962-11-06,3.8,,0.0,28.0,25.5,21.9,80.0,76,7.666667,,4.3964354608
1962-11-07,4.2,,0.0,28.0,25.62,22.3,79.75,75,4.333333,,4.1279038225
1962-11-08,4.3,,2.3,28.4,25.84,23.2,81.25,78,5.666667,,4.10315135586
1962-11-09,2.7,,1.2,27.6,23.76,21.6,91.25,81,5.0,,3.44031655787
1962-11-10,1.0,,19.2,21.7,20.02,19.0,99.5,97,3.333333,,1.9789783742
1962-11-11,0.6,,35.0,24.8,21.32,19.0,86.0,81,4.333333,,3.44851346302
1962-11-12,3.2,,0.0,25.7,22.3,19.4,73.75,65,6.333333,,4.51648116902
1962-11-13,4.2,,0.0,25.5,22.92,19.3,72.5,63,5.666667,,4.49570770259
1962-11-14,4.0,,0.0,26.0,22.88,18.8,71.75,66,4.0,,4.51105336155
1962-11-15,3.5,,0.0,26.4,23.88,18.6,74.75,67,2.666667,,4.33898272861
1962-11-16,3.3,,0.0,28.5,24.98,20.4,82.75,78,4.333333,,4.40618457854
1962-11-17,2.6,,0.0,27.4,25.08,22.6,79.75,75,4.666667,,3.97231448309
1962-11-18,3.6,,0.0,28.5,26.2,23.7,77.0,71,4.0,,4.18728049895
1962-11-19,3.2,,0.7,28.0,25.9,23.5,74.5,70,3.666667,,4.15537848477
1962-11-20,3.1,,11.4,27.3,25.0,22.1,78.5,70,5.333333,,4.18088004519
1962-11-21,4.1,,0.0,28.0,25.76,21.8,74.25,70,7.666667,,4.98510895696
1962-11-22,4.5,,0.0,28.3,24.66,22.6,86.25,69,4.333333,,3.84070056267
1962-11-23,1.8,,77.1,25.8,22.88,21.4,88.75,81,3.333333,,3.20762678064
1962-11-24,1.1,,7.4,25.8,23.26,20.7,88.75,86,0.666667,,3.43746172804
1962-11-25,1.0,,30.0,26.3,24.14,21.7,83.75,79,2.333333,,3.48108174914
1962-11-26,2.2,,3.1,25.6,24.18,22.1,88.0,83,1.333333,,2.99960131738
1962-11-27,2.2,,6.1,27.8,25.92,24.4,75.75,72,2.333333,,3.57847883932
1962-11-28,3.2,,1.2,27.7,25.5,22.6,75.75,72,2.333333,,3.99046852544
1962-11-29,3.9,,1.9,27.4,25.1,22.6,80.25,74,3.333333,,3.85299217225
1962-11-30,3.2,,1.4,28.0,25.7,22.5,77.25,73,4.666667,,4.35696415829
1962-12-01,3.9,,0.0,29.4,26.58,22.9,80.25,75,3.333333,,4.40558420267
1962-12-02,2.8,,8.1,28.4,26.3,23.3,81.0,79,3.666667,,4.02040023619
1962-12-03,2.3,,6.4,28.2,26.14,23.7,82.75,79,6.333333,,3.95049092681
1962-12-04,3.4,,0.0,28.6,26.58,23.5,80.5,76,6.333333,,4.291415924
1962-12-05,2.8,,77.6,28.7,25.36,21.5,85.5,77,2.333333,,4.2118003713
1962-12-06,2.0,,0.2,26.0,23.18,21.6,88.75,82,5.0,,3.22789854587
1962-12-07,1.2,,18.2,23.9,21.8,20.3,92.75,86,7.0,,2.53550606581
1962-12-08,1.8,,12.2,24.4,23.22,21.3,85.5,83,4.333333,,2.99020539863
1962-12-09,2.3,,2.4,26.2,24.0,20.8,82.5,81,2.0,,3.69240600636
1962-12-10,1.5,,31.8,27.7,25.32,21.9,83.25,78,3.666667,,3.97627822606
1962-12-11,3.0,,5.4,29.3,26.32,23.9,84.5,79,5.0,,4.06452979082
1962-12-12,3.3,,0.4,28.3,25.9,23.4,79.5,73,5.0,,4.19341710826
1962-12-13,3.6,,0.2,26.1,23.32,21.5,90.25,81,3.333333,,3.24377904148
1962-12-14,0.9,,16.3,25.7,22.76,21.3,92.25,84,3.333333,,3.07335093155
1962-12-15,1.5,,25.7,27.8,23.88,20.6,85.25,76,1.666667,,4.1370319591
1962-12-16,1.7,,52.8,27.3,24.44,21.1,85.25,80,2.666667,,3.90185533879
1962-12-17,2.4,,5.0,28.3,25.94,23.2,80.25,76,4.0,,4.09745349659
1962-12-18,2.9,,0.0,28.1,25.8,22.1,77.75,71,5.666667,,4.5370323992
1962-12-19,4.3,,0.0,28.7,26.0,23.3,80.0,70,3.333333,,4.15281136202
1962-12-20,2.8,,0.2,27.4,24.7,23.1,91.5,84,4.0,,3.2091696435
1962-12-21,1.4,,17.7,26.7,24.54,22.6,94.75,90,4.0,,2.92048135816
1962-12-22,1.1,,57.2,27.4,24.1,22.3,91.5,84,3.333333,,3.42097637329
1962-12-23,1.7,,2.7,28.7,25.96,22.7,81.0,79,6.333333,,4.41966210759
1962-12-24,3.8,,0.0,28.4,25.7,22.1,84.75,76,4.333333,,4.09109649606
1962-12-25,2.2,,39.7,27.2,24.58,21.7,88.5,84,3.333333,,3.62190405801
1962-12-26,1.8,,0.4,28.7,26.26,22.8,80.25,75,6.333333,,4.46570543682
1962-12-27,3.7,,0.0,28.6,26.6,24.6,80.5,77,7.0,,4.16000375044
1962-12-28,3.9,,0.0,29.5,26.4,24.3,80.0,77,6.333333,,4.48334555434
1962-12-29,4.2,,7.4,27.7,25.62,23.6,84.5,81,4.0,,3.5830210763
1962-12-30,3.1,,1.0,28.2,25.82,22.9,78.75,74,4.0,,4.2086105375
1962-12-31,3.8,,0.0,28.6,26.08,22.6,77.0,72,5.666667,,4.6610123794
1963-01-01,4.6,,0.0,28.7,26.18,22.8,77.5,71,7.0,,4.7456582822
1963-01-02,4.7,,0.0,28.9,26.74,23.8,79.5,73,5.333333,,4.33790825783
1963-01-03,4.2,,0.5,32.7,27.3,23.6,86.0,74,3.333333,,5.02336631539
1963-01-04,2.4,,7.0,28.6,26.28,24.2,79.25,77,3.0,,3.91389792366
1963-01-05,2.9,,1.5,28.4,25.82,22.7,80.25,74,2.666667,,4.10138548745
1963-01-06,2.8,,4.4,28.4,25.4,23.2,88.5,83,1.666667,,3.6994196521
1963-01-07,3.3,,5.2,29.2,26.38,22.3,80.25,76,4.333333,,4.54112005825
1963-01-08,2.1,,3.4,28.1,26.24,23.5,78.75,76,5.0,,4.16100847427
1963-01-09,4.0,,0.0,28.9,26.4,23.3,73.0,71,2.666667,,4.39852933397
1963-01-10,4.8,,4.0,29.0,26.16,23.0,75.25,68,2.666667,,4.40349408986
1963-01-11,4.2,,0.0,29.0,26.34,23.1,75.75,69,4.0,,4.56616741283
1963-01-12,4.1,,0.0,29.5,27.12,24.3,73.0,69,3.0,,4.44764673565
1963-01-13,3.9,,1.6,29.5,26.52,23.5,76.75,68,2.666667,,4.39815659883
1963-01-14,3.8,,0.0,29.2,26.6,22.8,71.5,67,5.0,,5.08228955706
1963-01-15,5.4,,0.0,28.7,26.0,22.3,75.5,68,5.666667,,4.82314690699
1963-01-16,4.5,,0.0,28.8,26.24,22.6,79.0,73,5.666667,,4.54985997699
1963-01-17,4.0,,0.0,29.5,26.62,23.2,78.0,73,3.666667,,4.52306813174
1963-01-18,4.0,,0.0,29.7,26.86,23.6,76.5,70,4.333333,,4.67701459877
1963-01-19,4.6,,0.0,29.8,27.44,25.6,72.75,66,5.0,,4.68398427881
1963-01-20,4.4,,0.0,29.0,26.24,21.8,72.75,68,5.0,,5.06408517198
1963-01-21,4.5,,0.0,29.0,26.12,22.0,80.0,73,5.333333,,4.58128734952
1963-01-22,3.8,,0.0,28.8,26.52,23.6,82.75,77,3.666667,,3.97713703903
1963-01-23,3.5,,0.0,30.0,26.88,23.8,78.25,68,4.666667,,4.64982126992
1963-01-24,3.3,,0.0,29.9,26.9,24.8,78.25,72,3.0,,4.2121407213
1963-01-25,3.6,,0.0,29.7,26.64,23.1,76.0,68,3.333333,,4.62720157481
1963-01-26,4.2,,0.8,29.4,26.64,24.3,79.0,69,2.666667,,4.07556125595
1963-01-27,3.9,,0.0,30.3,26.96,23.7,76.0,70,4.333333,,4.83855799844
1963-01-28,4.3,,0.0,30.7,27.18,23.8,78.0,69,5.0,,4.88862955545
1963-01-29,4.2,,0.0,30.5,27.36,24.5,75.0,68,3.333333,,4.64660130893
1963-01-30,4.1,,3.5,30.2,26.62,23.7,78.25,68,3.333333,,4.54503155971
1963-01-31,4.0,,3.6,29.7,26.68,22.7,73.5,65,5.0,,5.05024474399
1963-02-01,3.9,,0.0,29.1,26.52,23.5,77.0,70,4.333333,,4.43691629323
1963-02-02,3.7,,0.0,29.3,26.6,24.1,72.75,65,2.0,,4.13809496961
1963-02-03,3.6,,0.0,29.8,26.62,22.7,73.0,62,2.666667,,4.68906340904
1963-02-04,4.3,,0.0,30.0,26.58,23.3,76.0,66,3.666667,,4.6828360572
1963-02-05,4.5,,0.0,29.3,26.58,22.8,75.0,73,3.666667,,4.60733094531
1963-02-06,3.7,,0.0,29.4,26.92,23.6,78.5,74,7.0,,4.65902427244
1963-02-07,3.8,,0.7,28.7,25.68,24.2,86.25,78,4.0,,3.58088262391
1963-02-08,1.9,,2.4,27.0,24.7,23.1,86.0,79,3.666667,,3.28214527265
1963-02-09,2.0,,2.7,28.4,24.68,22.5,78.0,70,3.666667,,4.2259038113
1963-02-10,3.5,,0.7,28.6,25.68,22.6,74.0,63,3.0,,4.3438809896
1963-02-11,3.3,,0.0,29.0,26.04,21.8,74.0,68,2.333333,,4.4618025299
1963-02-12,3.3,,0.0,29.7,25.9,22.2,82.0,71,2.666667,,4.35816807249
1963-02-13,2.6,,8.8,27.4,25.1,21.3,83.5,80,2.333333,,3.79191654131
1963-02-14,2.0,,10.9,27.8,25.34,22.3,80.75,77,2.666667,,3.83020581439
1963-02-15,2.5,,0.0,28.4,26.92,26.2,77.5,71,5.0,,3.59159583177
1963-02-16,2.9,,6.6,29.6,26.68,23.2,74.0,68,2.666667,,4.41989137935
1963-02-17,3.3,,0.0,29.6,26.9,23.3,74.25,68,3.666667,,4.56933007922
1963-02-18,3.5,,0.0,29.7,26.62,22.8,74.25,67,2.666667,,4.48931740962
1963-02-19,3.3,,2.1,29.5,25.96,22.3,81.5,71,4.0,,4.33600395861
1963-02-20,4.0,,0.0,29.7,26.84,22.9,75.25,68,7.0,,5.02935222787
1963-02-21,4.1,,0.0,30.4,27.12,22.8,75.25,70,5.666667,,5.05837961331
1963-02-22,3.6,,0.0,30.2,27.14,24.1,84.25,78,3.0,,4.01519705861
1963-02-23,2.7,,0.1,29.8,26.92,24.2,76.75,71,2.0,,4.0114524131
1963-02-24,2.9,,0.0,29.6,26.48,22.2,72.75,66,1.666667,,4.33555272839
1963-02-25,3.4,,0.2,30.0,26.66,22.5,74.25,65,3.666667,,4.72381682058
1963-02-26,3.7,,0.0,29.2,26.54,23.0,71.5,66,1.666667,,4.09093923334
1963-02-27,3.1,,6.0,28.7,26.12,23.1,76.0,68,2.666667,,4.00749612941
1963-02-28,2.9,,0.2,29.7,26.76,23.1,74.25,67,2.0,,4.20511845167
1963-03-01,3.2,,0.0,30.2,27.04,22.8,73.0,67,4.333333,,4.87691895282
1963-03-02,4.0,,0.0,30.2,27.16,22.8,74.75,70,5.0,,4.86325334437
1963-03-03,4.5,,0.0,30.3,27.34,24.0,76.5,72,4.0,,4.4594472727
1963-03-04,4.3,,0.0,29.5,26.92,22.9,71.5,61,3.333333,,4.52537402842
1963-03-05,5.5,,0.0,30.1,27.82,26.4,72.75,67,2.666667,,3.80580904216
1963-03-06,2.5,,0.0,30.0,27.12,23.9,71.25,63,1.666667,,4.062476805
1963-03-07,3.9,,2.6,28.8,26.4,22.6,81.0,75,2.0,,3.78231752022
1963-03-08,2.6,,5.4,30.2,27.62,25.2,77.75,72,3.666667,,4.05102634416
1963-03-09,2.9,,0.0,30.2,26.82,23.1,77.0,67,2.0,,4.1563011489
1963-03-10,3.6,,0.0,29.5,26.56,23.1,76.5,71,1.0,,3.7728081837
1963-03-11,3.4,,2.7,29.7,26.3,22.2,76.25,66,1.666667,,4.09665288782
1963-03-12,3.6,,1.3,29.6,26.7,23.5,75.25,67,1.666667,,3.86054435546
1963-03-13,3.6,,0.1,29.3,26.38,22.8,76.5,68,1.666667,,3.86130246893
1963-03-14,3.3,,0.0,29.8,26.76,22.4,72.75,69,2.666667,,4.3467631947
1963-03-15,4.0,,0.0,30.6,26.76,21.6,73.5,68,4.0,,4.84531313368
1963-03-16,3.8,,0.0,29.7,26.74,22.6,71.25,65,3.333333,,4.47603760552
1963-03-17,4.6,,0.0,29.5,26.36,21.9,70.5,65,2.333333,,4.28919152069
1963-03-18,4.9,,0.0,29.6,26.38,21.7,73.5,68,2.0,,4.16245573735
1963-03-19,3.8,,0.0,30.1,26.88,22.5,73.5,69,3.333333,,4.44164043978
1963-03-20,3.9,,0.0,29.4,26.38,21.7,76.25,71,2.666667,,4.12556106517
1963-03-21,3.1,,0.0,30.2,27.08,23.2,76.5,71,3.666667,,4.26446100566
1963-03-22,3.3,,0.0,30.1,26.94,22.6,72.75,69,4.333333,,4.61786993375
1963-03-23,4.0,,0.0,30.3,27.14,22.8,75.25,70,3.0,,4.25167989246
1963-03-24,3.4,,0.0,30.2,27.0,23.0,74.5,63,5.666667,,4.68407758143
1963-03-25,4.0,,0.0,30.2,26.86,23.3,78.75,68,3.333333,,4.03222153936
1963-03-26,3.9,,2.8,29.4,26.6,23.6,78.25,71,4.0,,3.89735802012
1963-03-27,3.3,,0.0,30.0,27.2,24.2,75.5,69,2.666667,,3.84001367647
1963-03-28,3.5,,0.0,29.6,27.08,23.3,76.5,70,2.0,,3.69355949495
1963-03-29,3.6,,1.1,29.7,26.88,24.6,75.5,65,3.0,,3.73910288503
1963-03-30,2.6,,17.6,28.7,26.2,22.9,81.0,75,2.333333,,3.42225896035
1963-03-31,2.2,,1.2,28.2,25.9,23.3,82.25,78,2.333333,,3.17368351954
1963-04-01,2.0,,21.0,28.4,25.54,23.1,82.0,72,2.666667,,3.29126677951
1963-04-02,2.1,,0.0,29.2,26.04,22.2,77.0,68,3.0,,3.83307010776
1963-04-03,2.5,,32.8,29.5,25.98,22.2,76.75,70,2.333333,,3.77825735149
1963-04-04,2.8,,0.0,29.0,26.0,21.6,74.25,66,2.666667,,3.8675702392
1963-04-05,3.5,,0.0,28.7,25.64,21.7,75.25,67,3.0,,3.80124146964
1963-04-06,3.2,,0.0,28.7,25.74,22.2,79.0,74,3.0,,3.57377253595
1963-04-07,2.7,,0.0,28.6,26.08,22.6,78.25,73,2.333333,,3.40580443133
1963-04-08,2.4,,3.4,28.7,26.32,23.5,82.0,74,3.0,,3.23986089281
1963-04-09,2.4,,0.0,29.9,27.12,23.8,78.75,71,3.666667,,3.71021717797
1963-04-10,3.3,,0.0,30.0,27.4,24.2,79.0,74,5.0,,3.84660561982
1963-04-11,3.4,,0.0,29.9,27.4,24.7,79.0,72,4.333333,,3.64998734732
1963-04-12,3.1,,1.3,30.0,27.24,24.6,79.5,72,4.333333,,3.64252624705
1963-04-13,3.6,,0.0,29.3,26.0,23.6,78.75,68,4.0,,3.58834804366
1963-04-14,3.7,,0.0,28.6,25.88,23.2,78.5,72,5.666667,,3.71267361214
1963-04-15,3.5,,0.0,28.0,25.1,21.1,70.75,58,3.0,,3.73304972497
1963-04-16,3.4,,0.0,28.6,25.4,19.6,74.25,66,2.666667,,3.76173094449
1963-04-17,3.8,,0.0,27.0,22.94,21.1,89.75,77,5.0,,2.73769457131
1963-04-18,1.6,,9.6,25.4,23.1,20.3,77.0,70,5.0,,3.29979124619
1963-04-19,2.9,,0.2,26.4,24.0,21.2,80.0,76,3.0,,2.96641182054
1963-04-20,2.0,,1.3,26.4,24.08,21.6,91.75,81,1.0,,2.44369836443
1963-04-21,1.1,,3.8,26.1,24.18,22.2,86.5,84,3.333333,,2.49140409398
1963-04-22,1.9,,0.0,26.8,24.46,21.5,80.5,76,2.333333,,2.85822098357
1963-04-23,2.0,,0.0,27.4,24.32,20.3,81.0,75,2.0,,3.03824592888
1963-04-24,2.5,,0.0,27.4,24.14,19.3,84.25,77,1.666667,,3.01325539632
1963-04-25,1.7,,0.0,28.0,24.98,21.7,82.5,74,2.333333,,2.96930646293
1963-04-26,3.1,,0.0,26.5,24.56,21.5,86.25,82,2.333333,,2.55692813359
1963-04-27,0.7,,8.1,25.4,22.5,21.3,89.75,86,3.333333,,2.25277368022
1963-04-28,1.1,,0.4,26.0,23.62,19.3,84.25,81,0.666667,,2.60242821291
1963-04-29,1.9,,0.0,27.1,24.6,20.9,84.0,78,1.0,,2.64177670322
1963-04-30,1.8,,8.3,27.0,24.76,21.8,88.0,81,2.0,,2.49352192701
1963-05-01,1.8,,0.0,27.2,24.74,21.7,84.25,78,1.333333,,2.56313551936
1963-05-02,1.9,,0.0,27.3,24.48,20.5,80.75,74,2.0,,2.86209314421
1963-05-03,2.8,,0.0,27.5,24.3,19.4,79.0,71,2.0,,3.02286740002
1963-05-04,3.5,,0.0,28.7,25.62,20.6,81.75,77,4.333333,,3.30584400189
1963-05-05,3.8,,2.6,26.5,22.48,21.1,73.25,65,6.333333,,3.71514292983
1963-05-06,4.6,,0.0,26.1,23.3,19.2,72.25,67,3.0,,3.16861898064
1963-05-07,3.9,,0.0,26.5,23.14,17.8,72.0,68,2.333333,,3.16073530391
1963-05-08,3.0,,0.0,26.6,23.62,19.5,69.25,63,3.0,,3.31862894017
1963-05-09,3.2,,0.0,26.3,23.54,18.6,74.25,67,2.333333,,2.98486092995
1963-05-10,3.0,,0.0,26.3,23.62,19.0,73.75,72,1.333333,,2.71520885645
1963-05-11,2.4,,0.0,26.9,23.18,18.6,80.0,71,3.0,,2.97157287389
1963-05-12,2.3,,0.1,27.0,23.78,19.9,81.5,72,0.666667,,2.50647208709
1963-05-13,3.2,,6.7,27.2,24.84,21.6,75.5,71,3.666667,,3.09097158607
1963-05-14,2.0,,0.3,26.5,23.92,19.7,80.5,74,2.0,,2.63621394344
1963-05-15,2.0,,2.4,26.7,24.02,20.6,82.25,76,1.666667,,2.48738922657
1963-05-16,1.8,,0.0,26.6,23.26,19.3,83.5,71,2.0,,2.58348734495
1963-05-17,2.2,,3.0,25.7,22.6,20.7,81.25,71,5.666667,,2.81677021573
1963-05-18,3.4,,0.6,24.5,21.6,20.3,79.0,72,5.666667,,2.79808992331
1963-05-19,3.1,,1.3,24.6,21.2,19.0,78.75,68,5.666667,,2.90009631561
1963-05-20,3.0,,1.9,25.0,21.7,18.3,69.75,54,3.666667,,3.15045889103
1963-05-21,4.1,,0.0,25.2,21.82,16.3,68.5,61,2.333333,,2.95944777305
1963-05-22,2.8,,0.0,25.6,22.92,19.2,64.0,59,2.666667,,3.10698643702
1963-05-23,3.8,,0.0,25.6,22.44,17.8,75.25,62,1.333333,,2.51017961674
1963-05-24,2.7,,1.6,26.2,23.66,20.7,64.25,58,3.0,,3.20049390351
1963-05-25,3.8,,0.2,25.3,22.42,19.4,78.5,66,4.333333,,2.78280921659
1963-05-26,1.5,,6.3,24.3,21.1,19.6,90.5,81,3.0,,1.9332677437
1963-05-27,1.1,,7.7,24.7,22.24,19.7,80.75,74,1.0,,2.04729065056
1963-05-28,1.6,,0.0,25.4,22.06,18.3,83.25,72,2.333333,,2.39161791237
1963-05-29,2.3,,1.2,24.3,21.48,19.7,85.75,73,1.666667,,1.97632055223
1963-05-30,1.4,,0.0,24.3,21.78,19.2,85.75,75,0.666667,,1.92036808666
1963-05-31,1.5,,4.3,25.0,22.34,19.4,78.25,71,1.333333,,2.18961225498
1963-06-01,1.7,,0.0,25.0,21.32,17.6,80.75,73,2.333333,,2.42075593748
1963-06-02,3.1,,1.8,23.9,20.42,18.8,83.0,75,5.666667,,2.43826318736
1963-06-03,2.5,,0.0,23.8,20.86,16.3,74.5,68,3.333333,,2.68900069245
1963-06-04,3.1,,0.8,24.3,20.72,16.7,80.5,69,1.666667,,2.27201833145
1963-06-05,1.7,,11.8,22.8,20.46,18.3,88.5,82,0.666667,,1.72596224658
1963-06-06,0.9,,0.3,24.0,21.56,17.4,83.25,80,1.0,,2.0447578594
1963-06-07,1.4,,0.2,24.3,22.34,20.4,85.5,80,3.666667,,2.05432306402
1963-06-08,1.8,,0.0,25.0,22.52,19.4,82.0,74,1.0,,2.02932978114
1963-06-09,1.5,,0.0,25.7,22.94,20.4,83.5,77,1.0,,2.02183898203
1963-06-10,1.9,,0.0,25.3,22.18,18.2,83.5,75,2.0,,2.25901717965
1963-06-11,1.9,,0.0,25.6,22.54,18.7,85.25,74,3.333333,,2.32960243943
1963-06-12,2.0,,0.0,26.5,22.4,16.7,83.0,74,3.333333,,2.62976172784
1963-06-13,1.9,,0.0,24.6,22.18,18.7,89.5,82,0.666667,,1.91669601843
1963-06-14,0.9,,0.0,25.0,22.24,19.2,87.25,79,1.333333,,1.99213054288
1963-06-15,1.1,,6.4,23.7,21.76,19.9,89.0,86,4.333333,,1.8484211771
1963-06-16,2.3,,0.6,25.0,22.62,20.6,76.5,70,1.666667,,2.1258075823
1963-06-17,2.7,,0.0,25.1,22.08,18.5,78.5,75,3.333333,,2.54449447527
1963-06-18,1.9,,0.0,24.8,21.8,17.2,83.75,77,2.333333,,2.25622273391
1963-06-19,2.0,,4.0,24.4,21.72,18.9,85.25,79,1.666667,,1.98888945333
1963-06-20,1.3,,0.0,25.0,21.88,17.0,81.0,74,2.0,,2.32371941359
1963-06-21,1.8,,0.0,26.3,22.68,18.7,84.25,74,4.666667,,2.5558140217
1963-06-22,3.2,,0.0,23.7,21.16,18.7,71.25,62,6.333333,,3.26209060948
1963-06-23,4.6,,0.2,24.0,20.2,16.8,75.75,63,2.333333,,2.40278864731
1963-06-24,2.8,,0.4,24.0,20.9,17.1,79.0,68,3.0,,2.39699521997
1963-06-25,2.3,,0.7,24.1,20.88,18.7,89.75,82,2.333333,,1.88963495356
1963-06-26,1.1,,2.9,23.4,21.62,18.7,87.0,83,2.0,,1.85306051929
1963-06-27,1.5,,0.2,25.2,22.18,19.3,78.25,65,3.0,,2.47075970414
1963-06-28,2.0,,2.6,24.6,20.82,17.1,86.0,81,1.333333,,2.10455584478
1963-06-29,1.4,,9.2,23.1,21.26,18.6,86.5,84,3.333333,,1.93504009652
1963-06-30,1.2,,5.6,24.6,21.52,17.8,80.0,74,1.333333,,2.15547281657
1963-07-01,1.7,,0.0,23.7,20.24,16.5,84.5,76,0.0,,1.91666636931
1963-07-02,1.0,,0.2,24.4,21.08,16.4,83.0,75,1.666667,,2.21427311886
1963-07-03,1.8,,0.2,23.9,21.9,19.2,80.5,75,1.0,,1.89396417287
1963-07-04,1.4,,1.3,24.5,21.76,18.5,79.5,70,1.333333,,2.11604813801
1963-07-05,1.9,,0.0,23.9,20.84,17.9,79.75,72,4.333333,,2.51581795404
1963-07-06,2.7,,0.0,23.5,19.64,16.3,78.0,69,4.333333,,2.62168318328
1963-07-07,2.2,,5.2,23.3,20.12,17.3,76.75,68,5.0,,2.7202597277
1963-07-08,2.9,,0.0,22.8,19.52,14.5,73.75,65,3.0,,2.58255981014
1963-07-09,2.8,,0.0,23.7,19.42,14.3,74.5,63,1.333333,,2.34985346936
1963-07-10,2.6,,0.0,24.2,20.12,14.4,75.5,64,2.333333,,2.5907872719
1963-07-11,2.7,,0.0,24.6,21.12,16.4,75.25,62,2.333333,,2.57539818283
1963-07-12,3.8,,0.0,23.8,21.84,18.8,82.0,75,2.0,,2.089863753
1963-07-13,1.6,,0.0,25.3,21.14,17.0,81.25,69,2.666667,,2.52274864527
1963-07-14,2.2,,0.0,24.6,21.24,17.2,75.5,67,2.0,,2.48345278371
1963-07-15,3.1,,0.0,24.7,20.54,14.8,75.5,69,2.333333,,2.67754787944
1963-07-16,3.2,,0.0,24.7,20.7,14.8,80.5,74,3.666667,,2.69118752557
1963-07-17,2.3,,0.0,23.6,20.64,15.4,87.25,81,1.333333,,2.17135688528
1963-07-18,1.5,,0.0,25.1,21.68,17.3,86.25,81,4.333333,,2.43647833967
1963-07-19,1.9,,0.0,25.4,22.6,19.2,85.75,80,4.333333,,2.41085037749
1963-07-20,1.2,,0.0,25.6,22.54,19.7,83.75,72,2.0,,2.29758528565
1963-07-21,2.0,,0.0,25.2,22.7,19.2,83.25,76,4.666667,,2.56165980348
1963-07-22,2.3,,0.0,25.5,22.64,18.7,85.0,84,4.333333,,2.51994956399
1963-07-23,2.1,,0.0,25.7,22.38,18.4,85.0,78,5.666667,,2.64920179782
1963-07-24,1.9,,13.2,22.8,20.26,19.3,94.25,84,5.0,,1.57642333979
1963-07-25,1.7,,18.4,23.4,21.76,18.8,77.0,69,6.333333,,2.92476728416
1963-07-26,3.6,,4.0,22.1,19.68,18.5,94.0,82,5.0,,1.57540686499
1963-07-27,0.9,,10.1,22.7,19.9,17.8,91.75,81,3.666667,,1.86640520465
1963-07-28,1.8,,14.9,24.3,22.08,19.7,77.5,69,4.333333,,2.73206487544
1963-07-29,2.4,,0.0,23.7,20.62,16.2,79.75,72,1.333333,,2.37358056285
1963-07-30,2.1,,0.0,24.0,21.02,17.1,78.0,71,0.666667,,2.2646984507
1963-07-31,2.0,,2.4,24.2,21.0,17.2,82.0,72,0.666667,,2.28108242972
1963-08-01,2.1,,1.6,24.2,21.52,18.4,81.5,71,1.0,,2.23433952298
1963-08-02,2.3,,0.0,26.0,22.22,18.3,75.0,63,1.333333,,2.68166517122
1963-08-03,2.4,,0.0,24.7,21.32,16.9,78.5,67,1.0,,2.49663247795
1963-08-04,2.1,,0.0,24.8,21.52,16.8,76.75,68,3.333333,,2.94575755178
1963-08-05,3.3,,0.0,25.4,21.84,16.8,77.5,72,3.666667,,3.06175333323
1963-08-06,3.5,,0.0,24.3,20.98,18.0,82.5,77,4.333333,,2.6665787069
1963-08-07,2.6,,0.0,22.0,19.6,17.4,82.25,78,6.333333,,2.5207034628
1963-08-08,2.9,,0.0,23.7,20.7,16.6,64.25,53,4.333333,,3.60899566247
1963-08-09,3.2,,0.0,23.8,20.3,14.7,71.5,66,2.333333,,2.97658434429
1963-08-10,2.8,,0.0,24.6,20.8,14.6,80.5,71,2.333333,,2.86902286813
1963-08-11,2.2,,1.6,24.2,21.86,19.7,85.5,77,2.666667,,2.29711027143
1963-08-12,2.1,,3.8,25.3,22.3,18.4,80.5,75,4.333333,,2.97615713091
1963-08-13,2.7,,0.0,25.4,22.3,17.5,79.0,74,6.333333,,3.32471179139
1963-08-14,2.3,,0.0,25.4,22.34,19.3,79.0,69,4.0,,2.99606192878
1963-08-15,3.6,,0.0,25.4,21.84,16.8,76.75,67,4.0,,3.27788400579
1963-08-16,3.4,,0.0,24.2,21.68,17.6,78.75,69,2.666667,,2.79410583707
1963-08-17,2.0,,0.0,24.2,21.32,19.4,84.25,79,1.666667,,2.35968493693
1963-08-18,1.5,,0.2,22.4,20.92,19.2,86.75,86,2.666667,,2.04097075294
1963-08-19,1.2,,38.3,24.0,21.58,18.9,77.0,72,5.666667,,3.15740178216
1963-08-20,2.7,,1.8,24.0,21.5,18.3,78.5,77,3.333333,,2.84989099274
1963-08-21,3.1,,0.0,24.1,21.16,16.7,75.0,66,2.666667,,3.04114107107
1963-08-22,3.8,,0.0,24.6,21.12,16.0,74.25,66,3.333333,,3.31487715138
1963-08-23,3.7,,0.0,25.3,22.0,16.3,75.75,71,5.666667,,3.64437292587
1963-08-24,3.4,,0.0,24.8,22.52,18.6,71.75,69,3.333333,,3.30377983833
1963-08-25,3.3,,0.0,25.2,21.64,15.8,76.75,67,4.0,,3.44781317666
1963-08-26,3.4,,0.0,25.7,22.08,17.3,80.25,73,2.0,,3.10904211541
1963-08-27,2.2,,0.0,25.1,22.12,18.5,86.5,77,2.333333,,2.75755705578
1963-08-28,2.2,,0.0,24.6,21.92,19.6,72.0,62,3.0,,3.14441569529
1963-08-29,3.0,,0.0,25.6,21.24,14.6,74.75,65,4.333333,,3.76836653928
1963-08-30,3.3,,0.0,25.3,21.48,15.3,83.25,77,3.666667,,3.2528192475
1963-08-31,2.2,,0.0,24.6,22.16,18.0,85.75,81,4.0,,2.84787229176
1963-09-01,2.2,,0.0,25.5,22.94,20.2,81.5,74,4.0,,3.03178882467
1963-09-02,3.0,,0.2,25.8,23.04,19.4,80.5,75,2.333333,,3.06757492206
1963-09-03,3.0,,0.0,26.1,23.42,19.8,78.0,71,3.666667,,3.35863886355
1963-09-04,3.8,,0.0,25.7,23.14,21.0,78.5,75,2.0,,2.87693076902
1963-09-05,2.7,,3.2,24.5,22.52,21.1,87.0,78,6.333333,,2.54066525026
1963-09-06,3.1,,1.9,25.0,23.12,20.8,81.0,77,7.0,,3.20272687421
1963-09-07,3.5,,8.0,25.3,23.02,20.8,70.5,62,5.666667,,3.9008751871
1963-09-08,4.3,,0.0,25.5,22.18,17.8,77.75,71,2.666667,,3.39143088242
1963-09-09,2.8,,0.0,25.6,23.08,19.4,79.5,75,2.666667,,3.20087542277
1963-09-10,3.5,,0.0,25.6,23.82,22.9,81.0,71,2.666667,,2.59371730831
1963-09-11,2.9,,0.0,24.6,22.64,20.4,82.75,78,1.666667,,2.65537545356
1963-09-12,1.8,,0.0,25.9,22.8,18.7,80.25,71,3.333333,,3.41963486434
1963-09-13,2.8,,0.0,25.7,22.62,18.9,81.0,71,1.333333,,3.16127297881
1963-09-14,2.8,,0.0,26.0,23.08,19.2,78.5,71,2.0,,3.33211558961
1963-09-15,2.7,,0.0,25.3,22.86,19.2,79.5,72,1.333333,,3.08678822185
1963-09-16,2.6,,0.0,26.4,23.64,20.2,82.75,79,5.0,,3.41059008489
1963-09-17,3.3,,0.4,24.1,22.04,20.7,87.25,83,5.0,,2.55434354643
1963-09-18,1.9,,0.5,25.0,21.96,19.0,76.0,66,4.333333,,3.59341149207
1963-09-19,3.6,,0.0,25.1,22.08,18.3,70.5,64,3.0,,3.73607747772
1963-09-20,4.1,,0.0,25.7,22.82,18.6,66.0,60,3.0,,4.01569466274
1963-09-21,4.1,,0.0,25.6,22.46,18.7,71.75,62,5.0,,4.11845551649
1963-09-22,4.7,,0.0,25.5,22.98,18.4,74.25,71,5.333333,,4.02335111793
1963-09-23,3.6,,0.0,26.1,23.22,19.2,77.0,73,3.0,,3.6607880448
1963-09-24,2.6,,0.0,25.7,22.66,18.8,79.0,72,2.666667,,3.52205630329
1963-09-25,3.0,,0.3,26.3,23.74,20.8,73.0,69,5.0,,4.04226358226
1963-09-26,3.8,,0.0,26.7,23.64,19.4,76.75,68,4.0,,3.9427528018
1963-09-27,3.2,,0.0,26.8,23.7,18.7,74.0,65,6.333333,,4.46582335989
1963-09-28,3.9,,0.0,26.2,23.52,19.8,80.5,77,4.666667,,3.6681369219
1963-09-29,3.2,,0.0,26.7,24.22,21.2,79.5,75,7.0,,3.88508386855
1963-09-30,3.5,,0.0,27.5,24.78,22.4,79.75,75,7.666667,,3.98375232063
1963-10-01,3.0,,0.0,27.6,24.72,21.2,80.25,76,5.0,,3.90672805436
1963-10-02,3.0,,0.0,27.2,24.92,23.8,80.75,75,5.666667,,3.45342203787
1963-10-03,2.7,,0.0,27.3,24.28,21.3,79.25,71,2.0,,3.5852700847
1963-10-04,2.3,,0.0,27.2,24.3,21.3,76.75,67,5.0,,4.05513761008
1963-10-05,4.1,,0.0,27.5,24.82,21.2,71.75,68,5.666667,,4.58022046713
1963-10-06,4.7,,0.0,26.7,24.4,20.3,72.0,70,7.0,,4.65231411852
1963-10-07,4.9,,0.0,27.7,24.5,22.2,79.0,74,5.0,,3.9463993401
1963-10-08,2.6,,0.0,26.1,23.36,21.7,84.75,77,1.333333,,3.04716024975
1963-10-09,1.4,,0.0,26.7,23.38,19.4,80.5,72,4.0,,3.90511019991
1963-10-10,2.8,,0.0,26.8,24.32,20.6,74.5,70,5.666667,,4.32676988703
1963-10-11,4.3,,0.0,27.3,24.4,19.9,73.0,68,5.666667,,4.62897012497
1963-10-12,4.0,,0.0,27.4,24.54,20.1,74.5,71,7.666667,,4.74821765051
1963-10-13,4.3,,0.0,26.7,24.52,22.3,81.0,77,3.666667,,3.46549821549
1963-10-14,3.0,,0.0,27.5,24.86,22.2,77.75,72,7.0,,4.24296708188
1963-10-15,4.1,,0.0,26.8,24.7,22.3,79.5,75,7.666667,,3.95821113021
1963-10-16,3.9,,0.0,27.6,25.44,23.6,79.0,76,5.666667,,3.84165760542
1963-10-17,3.8,,0.0,27.4,24.98,22.1,78.75,73,5.0,,3.98483025417
1963-10-18,3.8,,0.0,27.4,25.28,23.0,80.5,76,7.0,,3.8989821648
1963-10-19,3.7,,0.0,27.5,25.1,22.8,80.75,77,4.333333,,3.72437962996
1963-10-20,2.8,,2.8,26.7,23.44,21.9,89.75,82,1.0,,3.21673190199
1963-10-21,1.0,,0.0,26.2,24.22,21.7,84.25,81,2.0,,3.24464474214
1963-10-22,2.4,,0.0,27.5,25.0,21.3,77.0,72,5.666667,,4.34207692851
1963-10-23,3.7,,0.0,27.6,24.94,22.3,79.75,75,5.0,,3.98656320001
1963-10-24,2.7,,0.0,27.5,25.12,22.3,78.75,72,1.666667,,3.63390045461
1963-10-25,3.0,,0.0,27.7,25.1,23.6,81.75,75,4.0,,3.57930498538
1963-10-26,2.7,,6.7,26.3,24.64,23.1,82.5,78,2.666667,,3.08328150825
1963-10-27,3.0,,0.0,27.5,25.18,22.2,77.0,72,7.0,,4.39220743026
1963-10-28,4.7,,0.0,28.0,25.48,22.8,77.75,72,7.666667,,4.45018824228
1963-10-29,4.0,,0.0,27.2,25.12,23.2,79.75,77,3.0,,3.52460405769
1963-10-30,2.8,,0.0,26.3,24.12,21.7,79.0,78,5.0,,3.81462599722
1963-10-31,3.0,,0.0,27.7,25.38,22.6,75.75,64,2.666667,,3.9287631434
1963-11-01,3.4,,0.0,28.4,25.98,22.7,76.25,70,7.0,,4.66305103135
1963-11-02,3.8,,0.0,28.4,25.82,23.7,80.25,76,4.333333,,3.93924530192
1963-11-03,2.7,,0.0,25.8,23.72,22.2,88.25,83,0.666667,,2.94631978505
1963-11-04,0.8,,6.3,26.0,23.8,21.6,86.0,85,3.333333,,3.28171435551
1963-11-05,1.7,,2.6,27.2,25.36,23.4,76.25,72,3.333333,,3.72203243499
1963-11-06,3.1,,0.0,28.4,25.38,21.5,77.5,72,5.0,,4.54812728084
1963-11-07,3.9,,0.0,28.0,25.78,22.9,78.0,72,6.333333,,4.3400194387
1963-11-08,4.1,,0.0,28.1,26.0,23.5,77.25,75,7.0,,4.41134976373
1963-11-09,4.3,,0.0,28.1,25.88,23.3,77.0,74,6.333333,,4.39625726812
1963-11-10,3.3,,0.0,28.0,25.94,23.7,83.5,76,2.0,,3.48949120518
1963-11-11,2.0,,40.2,26.1,24.38,22.2,88.5,79,1.333333,,3.09279740398
1963-11-12,1.6,,1.6,26.6,25.2,24.5,83.75,82,5.0,,3.00134270448
1963-11-13,1.8,,2.7,27.1,24.86,22.4,81.5,71,2.333333,,3.60952226014
1963-11-14,2.3,,0.0,28.4,25.88,23.2,78.75,76,4.0,,4.14135955796
1963-11-15,2.6,,34.8,27.3,25.34,23.2,90.25,79,3.333333,,3.17629744185
1963-11-16,2.1,,10.5,26.7,24.68,23.3,79.75,76,4.666667,,3.60716694958
1963-11-17,2.3,,0.5,24.0,22.74,21.7,95.5,81,1.333333,,2.33427811816
1963-11-18,0.7,,27.0,27.2,24.92,22.2,85.75,86,2.666667,,3.57418639309
1963-11-19,2.3,,0.0,28.3,25.96,23.1,83.0,79,4.666667,,3.94988602186
1963-11-20,2.6,,2.3,28.2,25.86,23.7,72.75,60,5.666667,,4.63718872305
1963-11-21,4.8,,0.0,28.0,25.44,21.6,80.0,73,5.0,,4.32771897852
1963-11-22,3.9,,0.0,28.6,24.6,22.6,78.5,66,3.0,,4.24039994445
1963-11-23,2.2,,0.0,28.0,24.14,20.9,86.0,75,1.666667,,4.07452731452
1963-11-24,2.2,,0.0,28.0,25.62,22.7,79.75,69,2.333333,,3.92262910732
1963-11-25,2.6,,0.8,29.0,26.08,22.6,80.75,75,4.333333,,4.37519129537
1963-11-26,3.3,,0.0,28.9,26.32,22.7,77.0,72,6.333333,,4.76601218338
1963-11-27,3.8,,0.0,28.9,26.3,23.0,77.75,73,6.333333,,4.66616239724
1963-11-28,4.6,,0.0,28.7,26.4,23.1,76.0,73,6.333333,,4.73887232305
1963-11-29,5.2,,0.0,29.0,26.38,23.5,75.0,71,5.0,,4.67194918606
1963-11-30,4.1,,0.0,29.1,26.26,23.2,72.0,68,3.333333,,4.64076946854
